customer_id,age,gender,region,education_level,employment_type,annual_income,loan_amount,loan_purpose,credit_score,repayment_history,transaction_count,spending_ratio,join_date,default_flag,income_missing,join_year,join_month,join_weekday,debt_to_income_ratio,avg_monthly_transactions,income_bins,credit_score_binary,income_quantile_bin,log_spending_ratio,sqrt_spending_ratio,boxcox_income,yeojohnson_loan
1,60.0,2,North,0.0,Unemployed,724178.54,279260.35,Education,731.0,1,107,38.37,2018-03-14,0,0,2018,3,2,0.38562361983275556,17.833333333333332,3.0,1.0,2,3.673004104955646,6.194352266379432,320.71339627549827,-0.03224066078107324
2,45.0,1,South,1.0,Unemployed,980757.46,212868.28,Home,637.0,1,41,10.6,2021-04-08,0,0,2021,4,3,0.2170447727208723,6.833333333333333,4.0,0.0,3,2.451005098112319,3.255764119219941,357.0220005832185,-0.4513069394046179
3,23.0,2,North,3.0,Salaried,804111.27,71418.6,Home,645.0,2,70,42.51,2024-02-13,0,0,2024,2,1,0.08881681262843139,11.666666666666666,4.0,0.0,3,3.772990796732589,6.519969325081215,332.8137703007234,-1.6267074314734369
4,29.0,1,South,1.0,Unemployed,414398.29,362551.67,Other,746.0,1,108,92.08,2017-05-26,1,0,2017,5,4,0.8748869837276597,18.0,1.0,1.0,0,4.533459338434091,9.595832428716125,263.19037835644843,0.43415882805149913
5,22.0,1,South,3.0,Salaried,794798.16,134835.34,Business,770.0,1,69,66.31,2021-10-10,0,0,2021,10,6,0.16964727245971478,11.5,4.0,1.0,3,4.209308814022622,8.143095234614416,331.44534673953115,-1.029343017220658
6,30.0,2,East,0.0,Salaried,693279.73,93309.1,Business,651.0,1,237,48.23,2016-07-19,0,0,2016,7,1,0.13459083824648962,39.5,3.0,0.0,2,3.8965031937701093,6.944782214007866,315.80351889848134,-1.4005186003541559
7,61.0,0,East,1.0,Salaried,654659.58,432264.16,Education,599.0,2,271,61.6,2026-02-18,1,0,2026,2,2,0.660288450983945,45.166666666666664,3.0,0.0,2,4.136765278106052,7.848566748139434,309.4626170981254,0.7883271818429453
8,64.0,1,North,3.0,Salaried,204176.45,173487.01,Education,638.0,0,28,75.64,2023-02-02,1,0,2023,2,3,0.8496915780443827,4.666666666666667,0.0,0.0,0,4.339119133662605,8.69712596206356,204.7119182390344,-0.7282657631746646
9,55.0,0,East,0.0,Unemployed,759076.28,163991.9,Business,718.0,5,81,37.64,2023-03-09,1,0,2023,3,3,0.21604139705169023,13.5,3.0,1.0,2,3.654288009344317,6.135144660071187,326.0977908215142,-0.7991624157555568
10,47.0,2,North,3.0,Salaried,925915.32,63876.71,Other,731.0,4,274,31.77,2019-07-18,0,0,2019,7,3,0.06898763701198939,45.666666666666664,4.0,1.0,3,3.489513462710723,5.636488268416781,349.8331606659115,-1.711723887333164
11,49.0,0,East,1.0,Unemployed,80000.0,423285.38,Home,686.0,3,256,55.89,2025-02-12,0,0,2025,2,2,5.29106725,42.666666666666664,0.0,0.0,0,4.041119578762556,7.475961476626267,146.58605265628162,0.7442357664752541
12,48.0,1,South,2.0,Salaried,525248.16,178725.96,Car,639.0,5,147,78.63,2016-08-21,1,0,2016,8,6,0.3402695594402463,24.5,1.0,0.0,1,4.377390906269353,8.867355862939075,286.2497479131608,-0.689896419478832
13,26.0,1,West,2.0,Self-Employed,781020.81,261635.3,Education,747.0,0,252,35.91,2016-11-24,0,0,2016,11,3,0.33499145816614023,42.0,3.0,1.0,3,3.608482517041907,5.9924953066314535,329.4017416440285,-0.13865472360810951
14,52.0,1,East,2.0,Salaried,272168.94,20000.0,Education,707.0,1,191,30.75,2018-09-05,0,0,2018,9,2,0.07348377077854659,31.833333333333332,0.0,1.0,0,3.457892725338701,5.545268253204709,226.72398087500306,-2.345752919568632
15,37.0,2,North,1.0,Unemployed,1071546.48,326186.67,Car,700.0,2,132,22.59,2025-02-20,0,0,2025,2,3,0.3044073925752619,22.0,4.0,0.0,3,3.1608228934195837,4.752893855326458,368.36973556232346,0.23720260261719417
16,52.0,1,West,3.0,Self-Employed,581388.52,233735.1,Other,673.0,3,237,93.78,2023-07-16,1,0,2023,7,6,0.40202909407292736,39.5,2.0,0.0,1,4.551558416539442,9.684007434941384,296.7300422462685,-0.3139512667347498
17,26.0,1,East,0.0,Salaried,409343.26,325298.91,Home,574.0,4,163,81.0,2016-12-17,1,0,2016,12,5,0.7946849057683275,27.166666666666668,1.0,0.0,0,4.406719247264253,9.0,262.0478193177202,0.232273969330124
18,27.0,0,West,2.0,Salaried,432938.33,418450.92,Car,714.0,1,166,39.64,2016-08-11,0,0,2016,8,3,0.9665370123269057,27.666666666666668,1.0,1.0,0,3.7047528032702264,6.2960304954788775,267.30505519707845,0.7203210690686942
19,62.0,2,East,1.0,Unemployed,734084.01,162796.36,Business,729.0,1,170,56.02,2021-10-21,0,0,2021,10,3,0.22176802352635358,28.333333333333332,3.0,1.0,2,4.043402083484526,7.484650960465692,322.258534775395,-0.8082186897835479
20,57.0,0,West,1.0,Self-Employed,559765.66,422027.58,Car,581.0,3,273,86.26,2022-03-22,1,0,2022,3,1,0.753936173933928,45.5,2.0,0.0,1,4.468892167695464,9.287626176801046,292.7747557142523,0.7380256796338226
21,45.0,1,East,3.0,Unemployed,563263.65,327093.45,Business,757.0,7,273,10.78,2020-10-05,1,0,2020,10,0,0.580711093286421,45.5,2.0,1.0,1,2.4664031782234406,3.283291031876401,293.4212597607321,0.24223059738573166
22,34.0,0,South,1.0,Unemployed,333792.21,326224.95,Business,582.0,2,180,11.54,2020-02-18,1,0,2020,2,1,0.977329428988172,30.0,0.0,0.0,0,2.5289235352047745,3.3970575502926055,243.75683756489474,0.23741498815356407
23,58.0,1,North,0.0,Salaried,889648.89,176897.65,Car,757.0,2,41,30.74,2018-10-09,0,0,2018,10,1,0.19883984793146878,6.833333333333333,4.0,1.0,3,3.457577715098263,5.544366510251645,344.9260736335848,-0.7032284332296276
24,37.0,2,West,0.0,Self-Employed,703195.23,298283.48,Business,713.0,3,166,58.62,2020-06-28,0,0,2020,6,6,0.42418302524606144,27.666666666666668,3.0,1.0,2,4.087991088249925,7.656369897020388,317.394321826177,0.07927310462991445
25,53.0,2,West,2.0,Unemployed,597104.17,328589.81,Home,728.0,3,114,91.91,2023-08-08,1,0,2023,8,1,0.5503056694445795,19.0,2.0,1.0,2,4.531631282653221,9.586970324351693,299.54520683720335,0.25051404087327517
26,62.0,2,North,2.0,Unemployed,512774.7,267381.45,Education,641.0,1,147,41.68,2026-04-20,0,0,2026,4,0,0.5214404103790612,24.5,1.0,0.0,1,3.7537304264335525,6.456004956627589,283.8234343752114,-0.10361629914379292
27,46.0,1,East,3.0,Salaried,643295.23,357797.61,Business,609.0,2,174,35.1,2018-09-20,0,0,2018,9,3,0.5561950303906341,29.0,3.0,0.0,2,3.586292865338835,5.92452529743945,307.55065187358616,0.40893312414527333
28,45.0,1,East,1.0,Unemployed,638431.28,430867.07,Home,765.0,2,266,45.68,2020-04-26,0,0,2020,4,6,0.6748840219733594,44.333333333333336,2.0,1.0,2,3.8433158074183553,6.75869809948632,306.72562566548885,0.7814938853815062
29,45.0,2,East,1.0,Salaried,416762.22,329301.97,Education,635.0,1,234,67.12,2017-10-17,0,0,2017,10,1,0.7901435259654773,39.0,1.0,0.0,0,4.221270855794487,8.192679659305616,263.72157923484815,0.2544503978449852
30,57.0,1,North,2.0,Self-Employed,568066.29,322475.06,Home,691.0,1,290,40.62,2016-10-23,0,0,2016,10,6,0.5676715300251314,48.333333333333336,2.0,0.0,1,3.7285808209654885,6.373382147651276,294.3046583012918,0.21655619941732196
31,60.0,1,East,2.0,Salaried,990095.04,319282.65,Home,723.0,0,66,69.46,2025-07-10,0,0,2025,7,3,0.32247676950285503,11.0,4.0,1.0,3,4.255045172913092,8.334266614405852,358.21978945870694,0.1987121508377484
32,43.0,1,North,0.0,Unemployed,282282.05,20000.0,Business,694.0,2,248,25.67,2024-08-20,0,0,2024,8,1,0.07085112213121593,41.333333333333336,0.0,0.0,0,3.283539338193923,5.06655701635736,229.67995423820128,-2.345752919568632
33,21.0,1,South,1.0,Unemployed,1045322.77,198387.65,Business,556.0,0,108,66.12,2016-12-01,1,0,2016,12,3,0.18978602178540507,18.0,4.0,0.0,3,4.206482062158951,8.131420540102448,365.15833097665967,-0.5502217896285477
34,42.0,2,South,2.0,Unemployed,514217.73,618323.43,Other,762.0,1,163,23.48,2016-06-19,0,0,2016,6,6,1.2024545127994712,27.166666666666668,1.0,1.0,1,3.1978564576441255,4.845616575834287,284.10607656446166,1.6241500187542681
35,30.0,0,South,1.0,Unemployed,710954.86,416195.11,Education,605.0,2,241,65.23,2023-03-09,0,0,2023,3,3,0.5854030029417058,40.166666666666664,3.0,0.0,2,4.193133532496888,8.076509146902517,318.6291152939655,0.7091196554963097
36,55.0,0,East,3.0,Unemployed,585118.66,300272.04,Business,740.0,6,171,67.56,2025-03-19,1,0,2025,3,2,0.5131814459651654,28.5,2.0,1.0,1,4.227709274289524,8.219489035213806,297.40265682086664,0.0907426072422935
37,22.0,1,South,1.0,Salaried,446216.58,616697.65,Education,734.0,3,31,18.57,2018-06-25,0,0,2018,6,0,1.3820590216526691,5.166666666666667,1.0,1.0,0,2.9739977814079848,4.309292285283049,270.1821293240528,1.617383147011783
38,61.0,1,South,1.0,Salaried,617743.1,316544.94,Home,645.0,2,109,38.95,2022-07-13,0,0,2022,7,2,0.5124216523017416,18.166666666666668,2.0,0.0,2,3.6876286722122837,6.24099351065197,303.1701351210889,0.18334555274797376
39,56.0,2,North,1.0,Salaried,1087820.02,293987.23,Home,722.0,0,236,78.3,2018-05-07,1,0,2018,5,0,0.27025355720149363,39.333333333333336,4.0,1.0,3,4.373238128640803,8.848728722251575,370.33703372520733,0.054375241949577574
40,52.0,0,North,1.0,Self-Employed,554027.07,382760.55,Business,623.0,3,115,38.97,2025-12-11,0,0,2025,12,3,0.6908697620136143,19.166666666666668,2.0,0.0,1,3.688129172723232,6.2425956140054435,291.708434248616,0.5397651743226388
41,40.0,1,South,3.0,Salaried,545579.7,464816.53,Business,746.0,0,292,55.42,2023-11-05,0,0,2023,11,6,0.851968154240343,48.666666666666664,2.0,1.0,1,4.0328237055738505,7.4444610281739,290.1256497080665,0.9448236394466202
42,29.0,0,South,0.0,Salaried,803377.41,221521.79,Business,755.0,2,252,82.01,2025-05-22,1,0,2025,5,3,0.275738136575187,42.0,4.0,1.0,3,4.418961082466944,9.055937278934744,332.70631512773275,-0.39364068629144533
43,41.0,0,West,3.0,Self-Employed,681041.59,280478.54,Home,687.0,2,44,57.06,2019-10-26,0,0,2019,10,5,0.4118376089190089,7.333333333333333,3.0,0.0,2,4.061476958596484,7.553806987208503,313.8195770331117,-0.024999044601826
44,34.0,2,North,0.0,Self-Employed,748789.26,415601.75,Education,733.0,1,61,92.81,2022-11-22,1,0,2022,11,1,0.5550316653847306,10.166666666666666,3.0,1.0,2,4.541271460137859,9.633794683301073,324.5276118038173,0.7061687376824137
45,64.0,1,South,1.0,Salaried,80000.0,565564.73,Other,655.0,0,95,68.48,2022-02-24,0,0,2022,2,3,7.069559125,15.833333333333334,0.0,0.0,0,4.241038941372905,8.27526434623088,146.58605265628162,1.40028564738901
46,49.0,0,South,3.0,Salaried,800953.26,308335.82,Education,684.0,1,141,22.46,2016-06-26,0,0,2016,6,6,0.38496106501895005,23.5,4.0,0.0,3,3.1552968432253294,4.739198244429114,332.3509062148023,0.13690566967657883
47,48.0,0,South,0.0,Self-Employed,237978.91,88880.43,Other,622.0,4,192,10.97,2020-04-11,0,0,2020,4,5,0.37348028024836316,32.0,0.0,0.0,0,2.482403519569882,3.312099032335839,216.1674148414186,-1.4441670499887067
48,45.0,1,North,0.0,Salaried,546638.21,538523.66,Car,717.0,4,210,50.61,2021-11-28,0,0,2021,11,6,0.9851555382489637,35.0,2.0,1.0,1,3.9437154521606357,7.114070564732964,290.3248509586278,1.2818999925723185
49,38.0,1,West,3.0,Self-Employed,514199.69,368651.47,Car,685.0,1,246,69.11,2018-08-20,0,0,2018,8,0,0.7169422253055033,41.0,1.0,0.0,1,4.250065437218876,8.31324244804637,284.102546302015,0.46630803119068
50,36.0,0,North,1.0,Self-Employed,4229380.399999999,916873.48,Home,635.0,3,31,91.49,2020-12-14,1,0,2020,12,0,0.21678671419577206,5.166666666666667,4.0,0.0,3,4.527100530566169,9.565040512198577,597.9399652762759,2.755506736697811
51,48.0,0,East,3.0,Self-Employed,572267.02,446446.37,Business,563.0,1,205,29.5,2019-11-03,1,0,2019,11,6,0.7801364649670008,34.166666666666664,2.0,0.0,1,3.417726683613366,5.431390245600108,295.07337395360645,0.8571389791636495
52,26.0,2,West,1.0,Salaried,796001.6,20000.0,Education,708.0,2,65,16.48,2026-04-30,0,0,2026,4,3,0.025125577637029876,10.833333333333334,4.0,1.0,3,2.8610573702273894,4.059556626036888,331.62275817808217,-2.345752919568632
53,47.0,1,North,0.0,Unemployed,269941.7,574718.81,Education,774.0,2,82,43.4,2018-05-03,0,0,2018,5,3,2.1290479018247273,13.666666666666666,0.0,1.0,0,3.7932394694381792,6.587867636800241,226.06343091327335,1.4397818245105953
54,25.0,1,North,3.0,Unemployed,482706.09,195878.11,Other,688.0,0,25,68.8,2017-01-05,0,0,2017,1,3,0.40579166921221144,4.166666666666667,1.0,0.0,1,4.2456340097683265,8.294576541331088,277.81261247739496,-0.5676906254323869
55,24.0,1,North,0.0,Salaried,979058.33,346868.77,Home,654.0,0,70,33.35,2024-11-09,0,0,2024,11,5,0.35428815564032845,11.666666666666666,4.0,0.0,3,3.536602018668358,5.774945887192364,356.80324733930263,0.3503641581543552
56,23.0,2,North,1.0,Self-Employed,200219.13,406742.23,Home,590.0,2,173,52.34,2022-01-10,1,0,2022,1,0,2.0314853530729056,28.833333333333332,0.0,0.0,0,3.9766865187538682,7.234638899074369,203.29222788430587,0.6618803230266718
57,34.0,2,South,0.0,Unemployed,894824.3,310127.77,Home,844.0,2,226,76.7,2024-06-14,1,0,2024,6,4,0.34657951287196825,37.666666666666664,4.0,1.0,3,4.3528552573736015,8.757853618324527,345.63418970222995,0.14708998278238314
58,35.0,0,East,2.0,Salaried,1038835.21,155261.48,Education,734.0,1,117,64.11,2021-01-20,0,0,2021,1,2,0.1494572753266613,19.5,4.0,1.0,3,4.176078147248771,8.006872048434394,364.3557981192307,-0.8659996051260175
59,37.0,1,East,3.0,Salaried,821515.89,279438.33,Education,696.0,5,203,81.58,2021-04-06,1,0,2021,4,1,0.34014963484151234,33.833333333333336,4.0,0.0,3,4.413767520457944,9.03216474606171,335.34378659265155,-0.031181759930097433
60,43.0,0,East,0.0,Self-Employed,593744.21,257792.23,Business,683.0,3,259,39.03,2020-07-06,1,0,2020,7,0,0.43418062131502727,43.166666666666664,2.0,0.0,1,3.6896291730044823,6.24739945897491,298.947413343432,-0.16228240023173213
61,41.0,2,North,0.0,Unemployed,691649.56,159018.03,Car,638.0,3,141,29.03,2025-10-19,0,0,2025,10,6,0.22991127182962423,23.5,3.0,0.0,2,3.402196881995239,5.387949517209678,315.5405695749484,-0.837038508754293
62,32.0,2,East,1.0,Self-Employed,335196.62,220461.36,Home,616.0,1,20,55.43,2020-12-04,0,0,2020,12,4,0.6577075866695792,3.3333333333333335,0.0,0.0,0,4.033000931981049,7.445132638173749,244.12018963967637,-0.4006520644827076
63,42.0,1,East,2.0,Salaried,461587.67,120318.32,Business,837.0,0,268,50.9,2023-09-05,0,0,2023,9,1,0.26066190199577904,44.666666666666664,1.0,1.0,1,3.949318790171843,7.134423592694787,273.4440718857338,-1.1523178806224998
64,34.0,2,East,0.0,Unemployed,608815.89,427703.14,Other,630.0,2,146,88.54,2026-04-28,1,0,2026,4,1,0.7025163880003198,24.333333333333332,2.0,0.0,2,4.49468545281282,9.409569596958194,301.6120035952568,0.7659818202835752
65,43.0,0,North,1.0,Self-Employed,221202.23,505031.14,Home,811.0,0,26,68.41,2021-09-27,0,0,2021,9,0,2.2831195689121215,4.333333333333333,0.0,1.0,0,4.2400309493514925,8.271033792700885,210.62414376670213,1.1314913414630159
66,45.0,1,South,2.0,Self-Employed,537740.99,761832.12,Other,769.0,0,246,43.76,2022-02-03,0,0,2022,2,3,1.4167268892780518,41.0,1.0,1.0,1,3.8013148834437245,6.615134163416491,288.64261173835826,2.1929827101521795
67,37.0,1,East,1.0,Unemployed,407228.36,386426.19,Education,775.0,0,145,20.18,2023-08-04,0,0,2023,8,4,0.9489176785231755,24.166666666666668,1.0,1.0,0,3.0530573401732606,4.49221548904324,261.5670821948919,0.5586492809701497
68,54.0,2,West,2.0,Salaried,655834.04,247532.44,Home,511.0,2,247,55.65,2020-08-19,1,0,2020,8,2,0.3774315221576483,41.166666666666664,3.0,0.0,2,4.036891987474015,7.459892760623306,309.6589786964048,-0.22615024600336925
69,42.0,2,West,2.0,Salaried,1121119.31,508635.52,Home,519.0,3,248,89.36,2019-05-31,1,0,2019,5,4,0.45368545119430687,41.333333333333336,4.0,0.0,3,4.5038016915998025,9.453041838477178,374.3037907139582,1.1478893613969285
70,29.0,0,South,2.0,Salaried,866864.04,207436.44,Business,579.0,2,114,14.73,2026-03-22,1,0,2026,3,6,0.2392952417313331,19.0,4.0,0.0,3,2.7555697170701863,3.837968212479098,341.77635461867925,-0.48804473871467163
71,35.0,2,West,0.0,Salaried,612130.41,175357.48,Home,701.0,0,239,87.98,2017-09-04,1,0,2017,9,0,0.28647078651099855,39.833333333333336,2.0,1.0,2,4.488411625377895,9.379765455489812,302.1922318333675,-0.7145075685370926
72,28.0,2,South,0.0,Self-Employed,587440.47,213484.3,Other,740.0,1,213,57.32,2024-07-19,0,0,2024,7,4,0.36341435584102677,35.5,2.0,1.0,1,4.065945087700403,7.57099729229908,297.8199180796869,-0.4471673364951068
73,33.0,2,South,3.0,Salaried,910492.65,287135.52,Home,607.0,4,158,89.22,2019-01-27,1,0,2019,1,6,0.3153628093538152,26.333333333333332,4.0,0.0,3,4.50225113198025,9.445633912025174,347.7619038391315,0.014326178118937072
74,33.0,0,East,0.0,Self-Employed,759655.91,202224.58,Car,683.0,1,157,94.15,2024-10-12,1,0,2024,10,5,0.2662054982235312,26.166666666666668,3.0,0.0,2,4.555454593742159,9.703092290605094,326.18585146399556,-0.5237042866892933
75,64.0,2,South,0.0,Self-Employed,454354.77,339135.97,Other,674.0,2,88,80.6,2020-07-29,1,0,2020,7,2,0.746412258420881,14.666666666666666,1.0,0.0,1,4.401829261970061,8.977750274985375,271.9180880859915,0.3084196752745084
76,42.0,0,South,1.0,Salaried,344045.37,402594.25,Car,668.0,2,20,73.0,2019-05-19,0,0,2019,5,6,1.1701777878888473,3.3333333333333335,0.0,0.0,0,4.30406509320417,8.54400374531753,246.3871254063534,0.6409954887817351
77,43.0,0,North,1.0,Self-Employed,593744.21,404452.67,Education,683.0,1,97,54.46,2024-11-02,0,0,2024,11,5,0.6811900868894368,16.166666666666668,2.0,0.0,1,4.015662040187632,7.379701890998037,298.947413343432,0.6503644488508492
78,53.0,0,South,2.0,Salaried,718873.41,423036.86,Home,543.0,4,42,47.29,2020-09-17,1,0,2020,9,3,0.5884719814577646,7.0,3.0,0.0,2,3.8772244998854504,6.876772498781678,319.88020881159525,0.7430094179215733
79,28.0,0,North,3.0,Salaried,681731.84,267134.92,Car,746.0,2,153,38.29,2019-12-02,0,0,2019,12,0,0.3918475041447382,25.5,3.0,1.0,2,3.6709700335703683,6.187891401761993,313.9320876150084,-0.10511256529946668
80,22.0,0,East,2.0,Salaried,80000.0,167718.17,Car,721.0,6,273,27.39,2024-02-02,1,0,2024,2,4,2.0964771250000003,45.5,0.0,1.0,0,3.34603697048488,5.2335456432518095,146.58605265628162,-0.7711247999880094
81,35.0,1,South,3.0,Self-Employed,719744.96,350049.32,Education,763.0,0,247,48.85,2026-04-29,0,0,2026,4,2,0.4863518877575746,41.166666666666664,3.0,1.0,2,3.9090184964078474,6.989277502002621,320.01736194315873,0.36749378950676675
82,56.0,1,East,2.0,Unemployed,472495.9,233356.01,Other,710.0,2,114,60.87,2024-12-07,0,0,2024,12,5,0.4938794389538618,19.0,1.0,1.0,1,4.125035409542898,7.801922839915811,275.7163776789056,-0.3163961379029902
83,38.0,0,East,0.0,Salaried,191945.48,342144.65,Education,595.0,3,237,59.83,2022-09-26,1,0,2022,9,0,1.7825095438558907,39.5,0.0,0.0,0,4.108083088332614,7.734985455707076,200.26407743943972,0.3247901260134652
84,29.0,1,East,0.0,Salaried,471771.41,269573.07,Other,683.0,6,111,41.83,2018-10-31,1,0,2018,10,2,0.5714061180604395,18.5,1.0,0.0,1,3.7572387916272794,6.4676116148080505,275.56652085863465,-0.09034189860815499
85,60.0,0,East,2.0,Self-Employed,998296.66,223317.65,Other,600.0,2,20,83.94,2024-02-11,1,0,2024,2,6,0.22369868491796815,3.3333333333333335,4.0,0.0,3,4.441945124885125,9.161877536837087,359.2658255039852,-0.38180115890465505
86,45.0,2,North,3.0,Unemployed,568553.27,62488.99,Car,793.0,2,173,38.35,2024-06-26,0,0,2024,6,2,0.10990876897075975,28.833333333333332,2.0,1.0,1,3.6724959748634123,6.192737682156414,294.39396230742386,-1.7278503366275675
87,44.0,0,North,3.0,Salaried,211062.51,20000.0,Other,692.0,0,270,21.97,2017-05-22,0,0,2017,5,0,0.09475865704430407,45.0,0.0,0.0,0,3.134189016701007,4.6872166581031856,207.14029051423685,-2.345752919568632
88,63.0,2,South,2.0,Self-Employed,793868.14,120859.44,Home,702.0,0,180,40.8,2025-07-23,0,0,2025,7,2,0.1522412021724414,30.0,3.0,1.0,3,3.7328963395307104,6.387487769068525,331.30812342736596,-1.1476178791767446
89,39.0,2,East,2.0,Unemployed,345701.96,377500.4,Home,616.0,3,234,46.28,2025-04-28,0,0,2025,4,0,1.0919822381105388,39.0,0.0,0.0,0,3.856087373097843,6.802940540677979,246.80730165542204,0.5125237991411196
90,22.0,2,East,2.0,Unemployed,558866.09,232795.93,Business,510.0,3,276,75.92,2019-02-11,1,0,2019,2,0,0.4165504656043812,46.0,2.0,0.0,1,4.342765920720579,8.713208364316786,292.6080719216775,-0.32001154695028866
91,59.0,0,West,2.0,Unemployed,216330.38,719404.91,Car,807.0,0,283,83.25,2018-05-11,1,0,2018,5,4,3.325491824125673,47.166666666666664,0.0,1.0,0,4.433788569232471,9.12414379544733,208.96349084445626,2.0302589674652984
92,43.0,1,West,3.0,Unemployed,595519.11,175701.29,Car,753.0,6,266,31.58,2025-03-28,1,0,2025,3,4,0.29503887792954286,44.333333333333336,2.0,1.0,2,3.4836986031738992,5.619608527290847,299.2634708611591,-0.711985886980313
93,52.0,2,East,3.0,Unemployed,624686.44,280448.23,Home,720.0,1,115,94.04,2022-01-20,1,0,2022,1,3,0.4489424006066147,19.166666666666668,2.0,1.0,2,4.554297855614335,9.697422337920527,304.37192814601315,-0.02517905248215241
94,38.0,0,East,1.0,Self-Employed,336685.32,335197.8,Other,700.0,2,242,37.54,2018-01-29,0,0,2018,1,0,0.9955818685531047,40.333333333333336,0.0,0.0,0,3.6516966629862204,6.126989472816156,244.50427172178757,0.28689262468718646
95,32.0,2,East,3.0,Self-Employed,681533.26,112332.96,Business,753.0,2,214,60.18,2020-06-03,0,0,2020,6,2,0.16482388548432692,35.666666666666664,3.0,1.0,2,4.113820338722757,7.757576941287788,313.8997267054397,-1.2228187982500962
96,50.0,2,South,3.0,Unemployed,553774.47,228670.42,Car,761.0,3,299,19.71,2023-03-16,0,0,2023,3,3,0.4129305924846987,49.833333333333336,2.0,1.0,1,3.030616675407493,4.439594576084623,291.66133269304936,-0.34676407302740075
97,43.0,2,North,2.0,Self-Employed,593744.21,295356.26,Other,683.0,0,33,73.04,2020-11-10,0,0,2020,11,1,0.4974469729986925,5.5,2.0,0.0,1,4.304605487705297,8.5463442476886,298.947413343432,0.06232680281788922
98,49.0,0,North,1.0,Unemployed,936511.05,97772.19,Education,739.0,1,23,21.24,2016-08-11,0,0,2016,8,3,0.10440046596353561,3.8333333333333335,4.0,1.0,3,3.1018924693823817,4.608687448721165,351.2432120211785,-1.3574651101471809
99,62.0,1,South,1.0,Salaried,465060.08,183254.29,Home,695.0,2,95,27.55,2018-04-15,0,0,2018,4,6,0.3940443350889201,15.833333333333334,1.0,0.0,1,3.351656936102019,5.248809388804284,274.17116138034794,-0.6571378661840686
100,27.0,1,West,0.0,Self-Employed,355406.81,236367.67,Business,628.0,2,256,66.53,2026-04-08,0,0,2026,4,2,0.6650622986093035,42.666666666666664,0.0,0.0,0,4.212571943586751,8.15659242576212,249.24293805457725,-0.29702200969278586
101,46.0,2,South,3.0,Self-Employed,896544.55,338570.72,Business,792.0,3,200,61.27,2020-06-11,0,0,2020,6,3,0.37763959415067544,33.333333333333336,4.0,1.0,3,4.13147976888436,7.827515570089912,345.86897075740404,0.305336820056793
102,43.0,1,South,0.0,Self-Employed,593744.21,423662.31,Business,683.0,5,269,12.65,2022-03-14,1,0,2022,3,0,0.7135434802808436,44.833333333333336,2.0,0.0,1,2.613739521630969,3.556683848755748,298.947413343432,0.7460951491816304
103,63.0,1,South,3.0,Salaried,670889.52,257907.6,Other,709.0,2,148,52.12,2022-05-12,0,0,2022,5,3,0.3844263359487267,24.666666666666668,3.0,1.0,2,3.9725535051681784,7.219418259112018,312.156170112069,-0.16157079056668655
104,50.0,1,North,3.0,Salaried,337792.92,158296.4,Business,850.0,0,248,10.2,2026-03-13,0,0,2026,3,4,0.4686196501691036,41.333333333333336,0.0,1.0,0,2.4159137783010487,3.1937438845342623,244.78931579903184,-0.8425777984908599
105,28.0,2,East,3.0,Unemployed,846430.68,210830.32,Other,697.0,0,99,84.2,2019-08-09,1,0,2019,8,4,0.24908161410217314,16.5,4.0,0.0,3,4.44500143383527,9.17605579756357,338.9056486856872,-0.465040461093827
106,30.0,0,West,1.0,Unemployed,1086467.82,492679.96,Business,735.0,6,45,13.35,2020-07-02,1,0,2020,7,3,0.4534694456021716,7.5,4.0,1.0,3,2.66374994220563,3.653765181289022,370.17429805125016,1.0748961815765012
107,51.0,0,East,1.0,Unemployed,287250.92,690896.62,Education,621.0,2,234,77.6,2017-11-02,1,0,2017,11,3,2.405202462014743,39.0,0.0,0.0,0,4.364371699435161,8.809086218218097,231.10715517961376,1.9184807624898694
108,64.0,2,West,1.0,Self-Employed,509634.82,304247.76,Business,682.0,2,178,41.0,2023-09-18,0,0,2023,9,0,0.5969917047661696,29.666666666666668,1.0,0.0,1,3.7376696182833684,6.4031242374328485,283.20664555860634,0.11357144383728064
109,62.0,1,East,1.0,Self-Employed,339378.78,491689.02,Education,659.0,2,229,54.21,2024-04-12,0,0,2024,4,4,1.448791288600896,38.166666666666664,0.0,0.0,0,4.011144096295953,7.362744053679987,245.19638686747078,1.0703279892239965
110,52.0,0,North,1.0,Salaried,633746.18,267284.42,Car,759.0,2,288,54.96,2025-03-21,0,0,2025,3,4,0.42175310626724405,48.0,2.0,1.0,2,4.024637149797281,7.413501197140255,305.92706804616796,-0.10420512978193044
111,23.0,0,South,1.0,Salaried,1249426.16,202444.36,Business,625.0,0,84,30.3,2024-08-15,0,0,2024,8,3,0.16202987137711283,14.0,4.0,0.0,3,3.4436180975461075,5.504543577809154,388.9103781628598,-0.5221922516998356
112,44.0,0,East,3.0,Self-Employed,219688.78,20797.66,Home,656.0,3,92,19.3,2016-09-29,0,0,2016,9,3,0.0946687400239557,15.333333333333334,0.0,0.0,0,3.0106208860477417,4.39317652729776,210.1108239376236,-2.3303288103581123
113,30.0,1,West,3.0,Unemployed,437862.04,420278.6,Home,701.0,5,91,90.13,2017-08-31,1,0,2017,8,3,0.9598425111251937,15.166666666666666,1.0,1.0,0,4.5122870585080355,9.493682109698007,268.3785009858826,0.7293766373022383
114,25.0,2,West,3.0,Salaried,612576.63,280768.27,Education,639.0,0,278,80.23,2019-09-13,1,0,2019,9,4,0.45833983252021876,46.333333333333336,2.0,0.0,2,4.397284637062863,8.957120072880569,302.27018960334493,-0.02327881074693202
115,34.0,0,West,3.0,Unemployed,955126.06,214388.06,Other,613.0,2,108,60.4,2017-03-26,0,0,2017,3,6,0.2244604863990414,18.0,4.0,0.0,3,4.117409835153096,7.771743691090179,353.6955688996678,-0.4411038684145355
116,45.0,2,South,3.0,Salaried,717853.89,280041.29,Education,770.0,1,48,85.54,2019-07-10,1,0,2019,7,2,0.3901090373697076,8.0,3.0,1.0,2,4.460606734796738,9.248783703817493,319.719633003279,-0.027596675160154453
117,46.0,0,West,0.0,Self-Employed,726683.67,269893.06,Education,607.0,1,270,71.49,2022-03-22,0,0,2022,3,1,0.3714037773822549,45.0,3.0,0.0,2,4.283448621312786,8.455175929571187,321.10545758158105,-0.08840782721275116
118,52.0,2,West,1.0,Self-Employed,843712.57,382660.16,Car,683.0,0,100,15.23,2021-01-09,0,0,2021,1,5,0.45354327244407416,16.666666666666668,4.0,0.0,3,2.7868613815264998,3.9025632602175713,338.52039949126345,0.5392468566013208
119,61.0,2,North,3.0,Unemployed,826873.69,305384.18,Other,829.0,5,78,83.72,2017-12-30,1,0,2017,12,5,0.36932385646470384,13.0,4.0,1.0,3,4.439351701293151,9.1498633869583,336.1156064430401,0.12007210931616898
120,27.0,2,North,0.0,Unemployed,805120.61,124665.56,Business,620.0,1,174,73.98,2017-12-15,0,0,2017,12,4,0.15484085049071095,29.0,4.0,0.0,3,4.317221411307766,8.601162712098871,332.96145855831196,-1.1148231770043224
121,49.0,1,West,1.0,Salaried,860051.48,285786.99,Education,698.0,0,277,80.73,2019-05-25,1,0,2019,5,5,0.33229056242075183,46.166666666666664,4.0,0.0,3,4.403421131528038,8.984987479123163,340.8241804891969,0.006393359957436349
122,37.0,0,East,1.0,Self-Employed,561882.16,182685.65,Education,630.0,0,174,93.4,2025-11-01,1,0,2025,11,5,0.3251316076666324,29.0,2.0,0.0,1,4.547541073151455,9.664367542679656,293.1662429409788,-0.6612313087963994
123,48.0,0,West,2.0,Self-Employed,529222.75,167695.9,Education,648.0,0,252,91.85,2018-10-30,1,0,2018,10,1,0.31687205434762583,42.0,1.0,0.0,1,4.530985287798715,9.583840566286565,287.0150075288232,-0.7712915281474455
124,56.0,1,West,0.0,Unemployed,432392.11,391184.48,Other,694.0,0,215,24.77,2024-07-05,0,0,2024,7,4,0.9046984691741947,35.833333333333336,1.0,0.0,0,3.2492110246642736,4.976946855251722,267.18548311922996,0.5830424205505556
125,49.0,1,East,1.0,Unemployed,553406.9,239300.13,Home,650.0,2,229,84.08,2025-05-10,1,0,2025,5,5,0.43241262441794637,38.166666666666664,2.0,0.0,1,4.4435919903320364,9.16951470907812,291.5927681034153,-0.2782639260988398
126,35.0,2,North,0.0,Salaried,643659.82,603060.29,Car,620.0,2,52,37.51,2017-08-04,0,0,2017,8,4,0.9369239328936209,8.666666666666666,3.0,0.0,2,3.6509179478268177,6.124540799113024,307.61233043840593,1.560301731388467
127,49.0,1,South,1.0,Salaried,458079.06,409682.32,Business,734.0,0,58,54.8,2026-03-14,0,0,2026,3,5,0.8943484995799633,9.666666666666666,1.0,1.0,1,4.021773869387265,7.402702209328699,272.70578604130634,0.6766254587426279
128,47.0,2,North,1.0,Self-Employed,587992.62,146815.08,Education,736.0,0,103,65.63,2024-06-16,0,0,2024,6,6,0.2496886440513488,17.166666666666668,2.0,1.0,1,4.199154926574446,8.10123447383175,297.91898937312743,-0.9322935621316294
129,35.0,0,South,0.0,Salaried,138306.89,214999.59,Education,773.0,2,299,41.32,2022-11-11,0,0,2022,11,4,1.5545110587043058,49.833333333333336,0.0,1.0,0,3.7452597875500437,6.428063471995279,178.2122730038085,-0.4370075459064051
130,35.0,1,North,2.0,Unemployed,367666.95,677331.93,Business,547.0,1,112,76.01,2021-11-22,1,0,2021,11,0,1.8422431768751584,18.666666666666668,0.0,0.0,0,4.343935283551159,8.718371407550839,252.25890985790994,1.8645662976706048
131,37.0,0,South,0.0,Unemployed,1006629.87,20000.0,Car,721.0,2,241,19.97,2025-06-16,0,0,2025,6,0,0.019868275913568906,40.166666666666664,4.0,1.0,3,3.0430928449138284,4.468780594300866,360.3229448412973,-2.345752919568632
132,22.0,1,East,0.0,Unemployed,535797.42,86081.17,Home,728.0,1,233,59.47,2025-10-25,0,0,2025,10,5,0.16065991881782482,38.833333333333336,1.0,1.0,1,4.1021473742851216,7.71167945391923,288.27273070400196,-1.4722628237693347
133,31.0,0,West,2.0,Salaried,441348.74,449362.84,Other,657.0,0,114,71.36,2021-11-09,0,0,2021,11,1,1.018158202966661,19.0,1.0,0.0,0,4.281653660527095,8.44748483277715,269.133924338302,0.8711669565340666
134,61.0,2,East,0.0,Self-Employed,593652.74,417870.02,Business,714.0,1,233,73.68,2019-06-02,0,0,2019,6,6,0.7038963889899674,38.833333333333336,2.0,1.0,1,4.313212318673522,8.583705493549974,298.93110861204815,0.7174391668506538
135,61.0,1,West,2.0,Unemployed,599099.37,126245.3,Business,800.0,1,21,55.41,2024-01-17,0,0,2024,1,2,0.21072514230819506,3.5,2.0,1.0,2,4.032646447751885,7.443789357578571,299.8991534948387,-1.1013443219673598
136,59.0,2,South,3.0,Salaried,819340.57,259622.08,Other,673.0,0,122,21.28,2017-06-22,0,0,2017,6,3,0.31686711180431354,20.333333333333332,4.0,0.0,3,3.1036894150590832,4.613025037868319,335.02948714918773,-0.15101261054076653
137,43.0,2,East,3.0,Self-Employed,593744.21,153185.0,Business,683.0,0,142,12.68,2022-07-11,0,0,2022,7,0,0.2579983053645273,23.666666666666668,2.0,0.0,1,2.615934912194404,3.560898762952971,298.947413343432,-0.882143690231983
138,27.0,2,East,2.0,Salaried,633195.17,521377.99,Home,801.0,4,130,79.26,2025-02-25,1,0,2025,2,1,0.8234080338926147,21.666666666666668,2.0,1.0,2,4.385271364838771,8.902808545621994,305.8328988397941,1.2054455321834523
139,31.0,0,West,1.0,Self-Employed,762852.32,596481.64,Other,788.0,1,207,72.19,2024-12-25,0,0,2024,12,2,0.7819097148449389,34.5,3.0,1.0,3,4.293058799613136,8.496469855181033,326.67068598326085,1.5325579433324765
140,43.0,2,West,2.0,Self-Employed,593744.21,397542.24,Business,683.0,3,257,38.64,2018-01-15,0,0,2018,1,0,0.6695513544460501,42.833333333333336,2.0,0.0,1,3.6798387094617873,6.216108107168021,298.947413343432,0.615427566974097
141,49.0,0,South,3.0,Salaried,553485.87,456414.78,Education,720.0,1,262,67.82,2022-08-23,0,0,2022,8,1,0.8246186664169043,43.666666666666664,2.0,1.0,1,4.231494400369335,8.235289915965314,291.60750124862017,0.9049177441252392
142,24.0,0,East,2.0,Unemployed,100647.16,98297.19,Education,650.0,3,43,46.17,2017-08-17,0,0,2017,8,3,0.9766514027817575,7.166666666666667,0.0,0.0,0,3.8537580972961702,6.794850991743675,159.1149219423659,-1.3524593964357992
143,54.0,2,North,1.0,Salaried,818445.76,415218.58,Car,850.0,2,247,84.24,2022-09-11,1,0,2022,9,6,0.5073257145348276,41.166666666666664,4.0,1.0,3,4.445470807230416,9.178235124467012,334.9000439289493,0.704262135416031
144,60.0,2,West,3.0,Unemployed,686850.66,389967.58,Car,770.0,2,150,62.95,2018-12-25,0,0,2018,12,1,0.5677618188501122,25.0,3.0,1.0,2,4.158101528024852,7.9341036040626545,314.76415471771264,0.576816820144066
145,34.0,2,West,3.0,Self-Employed,477615.14,393383.45,Home,641.0,3,60,31.01,2020-07-14,0,0,2020,7,1,0.823641080557036,10.0,1.0,0.0,1,3.4660483539817717,5.568662316930341,276.77103649919883,0.5942701628447122
146,57.0,1,East,1.0,Self-Employed,947078.18,20000.0,Car,698.0,1,47,31.94,2024-11-17,0,0,2024,11,6,0.021117580810488104,7.833333333333333,4.0,0.0,3,3.494687724749494,5.651548460377917,352.63917757014394,-2.345752919568632
147,34.0,0,East,3.0,Unemployed,604221.26,285935.18,Other,550.0,1,29,16.25,2022-10-18,1,0,2022,10,1,0.4732292604202639,4.833333333333333,2.0,0.0,2,2.847812143477369,4.031128874149275,300.8042814036234,0.007265920891380368
148,63.0,0,West,2.0,Self-Employed,986501.04,211304.52,Business,523.0,1,152,31.14,2018-09-06,1,0,2018,9,3,0.21419594245942203,25.333333333333332,4.0,0.0,3,3.4701013603093664,5.580322571321482,357.75963683970616,-0.4618395764203306
149,40.0,0,East,2.0,Salaried,275874.56,73110.67,Home,549.0,3,226,57.44,2018-11-01,1,0,2018,11,3,0.26501417890797907,37.666666666666664,0.0,0.0,0,4.068000586882499,7.578918128598566,227.81525114212326,-1.6081982762638958
150,57.0,2,South,2.0,Salaried,901422.87,289259.81,Other,677.0,2,138,29.1,2024-12-07,0,0,2024,12,5,0.32089246859245985,23.0,4.0,0.0,3,3.40452517175483,5.394441583704471,346.53318076505406,0.026788500833102833
151,59.0,2,South,1.0,Salaried,552501.4,367258.54,Business,632.0,3,236,64.33,2026-03-08,0,0,2026,3,6,0.6647196550090189,39.333333333333336,2.0,0.0,1,4.179451348852659,8.020598481410225,291.42373461254937,0.45898778474472046
152,36.0,0,East,0.0,Salaried,602322.94,449701.52,Education,448.0,2,145,36.17,2026-01-03,1,0,2026,1,5,0.74661197529684,24.166666666666668,2.0,0.0,2,3.615501984309161,6.014149981501958,300.4693981129948,0.8727933181587478
153,54.0,1,East,1.0,Self-Employed,615964.08,318088.49,Home,648.0,1,24,91.88,2019-05-04,1,0,2019,5,5,0.5164075314261832,4.0,2.0,0.0,2,4.531308337389636,9.585405573057407,302.8608019014369,0.19201673081021445
154,36.0,2,South,2.0,Salaried,493178.59,284573.38,Home,677.0,3,20,28.33,2018-10-09,0,0,2018,10,1,0.5770189253349379,3.3333333333333335,1.0,0.0,1,3.3786108829893595,5.322593352868505,279.9330019041979,-0.0007602077013210454
155,61.0,2,East,1.0,Unemployed,726484.96,448553.01,Business,531.0,1,82,93.06,2018-05-23,1,0,2018,5,2,0.617429175684518,13.666666666666666,3.0,0.0,2,4.543932876516902,9.646761114488116,321.07439087111567,0.8672758646024333
156,24.0,1,North,2.0,Self-Employed,835865.96,260705.03,Business,639.0,0,117,44.35,2022-06-09,0,0,2022,6,3,0.3118981301738858,19.5,4.0,0.0,3,3.814410176561146,6.659579566308972,337.4037251664378,-0.14435972147359846
157,21.0,0,East,1.0,Salaried,861730.03,385492.55,Education,737.0,2,108,37.91,2022-11-13,0,0,2022,11,6,0.44734723936683507,18.0,4.0,1.0,3,3.661251286996462,6.157109711544857,341.0592405300945,0.5538471768785264
158,64.0,0,North,0.0,Self-Employed,758849.23,108296.61,Business,548.0,2,243,41.73,2022-07-10,1,0,2022,7,6,0.1427116292916315,40.5,3.0,0.0,2,3.7549012496559335,6.4598761598036845,326.06328420980776,-1.2593132541820127
159,54.0,1,North,1.0,Salaried,610422.26,265140.13,Other,716.0,6,172,42.32,2022-01-05,1,0,2022,1,2,0.43435527727969814,28.666666666666668,2.0,1.0,2,3.76861442213279,6.505382386916237,301.8934645597157,-0.11724251025644779
160,36.0,0,North,1.0,Salaried,337748.27,55398.99,Other,693.0,2,40,26.64,2023-08-06,0,0,2023,8,6,0.16402449670578623,6.666666666666667,0.0,0.0,0,3.319263998899469,5.1613951602255765,244.77783674084787,-1.8128920750985988
161,39.0,0,South,3.0,Self-Employed,789732.15,342178.71,Business,688.0,0,296,50.73,2026-02-25,0,0,2026,2,2,0.4332845129832944,49.333333333333336,3.0,0.0,3,3.9460378840154235,7.122499561249548,330.6965955120045,0.3249750770229457
162,48.0,0,West,2.0,Unemployed,584351.72,294947.02,Other,603.0,1,46,89.02,2017-03-15,1,0,2017,3,2,0.504742280898908,7.666666666666667,2.0,0.0,1,4.500031867864786,9.435041070392858,297.2645909517195,0.059951609443682226
163,30.0,1,North,1.0,Unemployed,121974.21,359525.8,Car,801.0,1,282,67.9,2023-04-21,0,0,2023,4,4,2.9475558808702265,47.0,0.0,1.0,0,4.232656178019613,8.240145629781066,170.40667540323332,0.4181205047089341
164,27.0,0,North,1.0,Salaried,793270.8,218951.67,Car,721.0,2,55,46.08,2022-12-14,0,0,2022,12,2,0.27601125618136957,9.166666666666666,3.0,1.0,3,3.851848282392076,6.788225099390856,331.2199315798082,-0.41066013116341415
165,48.0,2,North,1.0,Salaried,484592.6,472849.89,Business,599.0,0,137,53.79,2018-04-24,1,0,2018,4,1,0.9757678718164496,22.833333333333332,1.0,0.0,1,4.003507695550324,7.334166619323561,278.1967686437946,0.9826770678313445
166,24.0,0,West,2.0,Salaried,617117.84,194701.25,Car,626.0,4,173,31.73,2019-12-07,0,0,2019,12,5,0.31550092604679847,28.833333333333332,2.0,0.0,2,3.4882920885130893,5.632938842203065,303.06148189322937,-0.5759174197902971
167,25.0,0,East,3.0,Salaried,800725.4,215932.78,Car,825.0,0,183,22.72,2025-06-23,0,0,2025,6,0,0.2696714504123386,30.5,4.0,1.0,3,3.1663185741295248,4.766550115125193,332.3174633644208,-0.43076668988282757
168,27.0,0,South,3.0,Salaried,392951.5,378654.41,Other,621.0,2,162,29.57,2018-08-11,0,0,2018,8,5,0.9636161460129303,27.0,0.0,0.0,0,3.420019135902743,5.4378304497290095,258.27861794548744,0.5185147756913967
169,62.0,1,South,2.0,Salaried,215763.01,340162.68,Home,796.0,2,104,67.45,2016-08-30,0,0,2016,8,1,1.5765569825893695,17.333333333333332,0.0,1.0,0,4.226103551734458,8.212794895770866,208.7685200608155,0.3140134051123254
170,58.0,1,South,2.0,Unemployed,178672.27,551655.12,Other,635.0,2,38,61.27,2025-03-06,0,0,2025,3,3,3.0875251095203526,6.333333333333333,0.0,0.0,0,4.13147976888436,7.827515570089912,195.223768083367,1.3397158032282686
171,25.0,0,West,0.0,Self-Employed,194238.53,384501.82,Education,591.0,1,68,80.71,2020-03-28,1,0,2020,3,5,1.979534235560782,11.333333333333334,0.0,0.0,0,4.403176393396616,8.983874442577656,201.11168680565805,0.5487457028320052
172,26.0,2,West,2.0,Unemployed,422175.34,329425.13,Other,631.0,2,77,38.31,2020-05-02,0,0,2020,5,5,0.7803040556561167,12.833333333333334,1.0,0.0,0,3.671478939433769,6.189507250177513,264.93063979243715,0.25513075714982064
173,50.0,0,West,0.0,Unemployed,564121.91,220700.7,Home,523.0,1,227,44.81,2024-03-23,1,0,2024,3,5,0.39122873281060827,37.833333333333336,2.0,0.0,1,3.8245024078986507,6.694027188471825,293.57948620852017,-0.3990682652387778
174,25.0,0,East,2.0,Salaried,442767.78,537519.75,Home,655.0,4,134,22.96,2024-07-02,0,0,2024,7,1,1.2139992435763955,22.333333333333332,1.0,0.0,0,3.1763857732472487,4.791659420284375,269.4402619576285,1.2774539425069458
175,43.0,1,North,2.0,Self-Employed,593744.21,414614.41,Home,683.0,0,250,83.5,2020-11-10,1,0,2020,11,1,0.6983047632582388,41.666666666666664,2.0,0.0,1,4.436751534363128,9.137833441248533,298.947413343432,0.7012542563740096
176,22.0,1,West,3.0,Self-Employed,311205.06,114275.58,Car,681.0,0,170,32.36,2020-06-03,0,0,2020,6,2,0.3672034767043955,28.333333333333332,0.0,0.0,0,3.507357577490546,5.688585061331157,237.77149569567385,-1.205465444083512
177,57.0,2,West,3.0,Salaried,215887.06,121402.71,Business,684.0,4,162,94.33,2017-10-31,1,0,2017,10,1,0.5623436161481842,27.0,0.0,0.0,0,4.557344556505487,9.712363255150622,208.81117696031907,-1.142908727987103
178,50.0,0,West,2.0,Self-Employed,197288.89,303918.36,Home,482.0,2,177,84.63,2022-11-10,1,0,2022,11,3,1.5404737692021075,29.5,0.0,0.0,0,4.450035689038101,9.19945650568554,202.2292193089287,0.1116851329458422
179,34.0,1,East,3.0,Unemployed,424234.28,365095.11,Business,726.0,1,149,29.01,2025-07-04,0,0,2025,7,4,0.8605978517341879,24.833333333333332,1.0,1.0,0,3.4015306594522756,5.386093203798093,265.3878761730665,0.4475935002367513
180,21.0,0,West,0.0,Self-Employed,469399.47,307580.37,Home,693.0,1,183,61.54,2017-03-07,0,0,2017,3,1,0.6552635647415622,30.5,1.0,0.0,1,4.135806352029695,7.844743462982075,275.07484994454467,0.13260418295444945
181,41.0,0,East,2.0,Salaried,947551.89,383671.55,Business,680.0,1,136,20.35,2023-10-03,0,0,2023,10,1,0.40490822091020257,22.666666666666668,4.0,0.0,3,3.0610517396746335,4.511097427455985,352.7015194101261,0.5444659092038558
182,26.0,2,North,3.0,Self-Employed,272040.94,308497.49,Home,722.0,2,39,47.36,2017-06-28,0,0,2017,6,2,1.1340112631576702,6.5,0.0,1.0,0,3.878673025746592,6.881860213634101,226.68611417798593,0.13782559206884604
183,51.0,1,East,3.0,Unemployed,185891.78,488465.45,Business,771.0,1,286,74.11,2022-04-12,0,0,2022,4,1,2.6276871952057266,47.666666666666664,0.0,1.0,0,4.31895370569792,8.608716512930368,197.99430615090068,1.0554387040746775
184,27.0,1,South,2.0,Unemployed,96100.14,215452.65,Car,647.0,0,209,32.56,2025-05-30,0,0,2025,5,4,2.241959793190728,34.833333333333336,0.0,0.0,0,3.5133348815990053,5.706137047074843,156.51040932216912,-0.43397611487036586
185,57.0,0,West,3.0,Salaried,502955.8,325562.43,Home,692.0,3,143,82.08,2023-12-27,1,0,2023,12,2,0.6472982914204389,23.833333333333332,1.0,0.0,1,4.419803999007912,9.0598013223249,281.8863834379784,0.23373760149895387
186,27.0,2,South,1.0,Self-Employed,600761.51,280723.88,Other,759.0,1,111,50.94,2017-04-24,0,0,2017,4,0,0.46728006925743293,18.5,2.0,1.0,2,3.9500892062346025,7.137226352022191,300.19343164880974,-0.02354231866595707
187,43.0,1,West,0.0,Salaried,819660.88,414329.76,Home,677.0,1,98,59.48,2025-05-19,0,0,2025,5,0,0.5054892457475828,16.333333333333332,4.0,0.0,3,4.102312731871278,7.712327793863536,335.07580088455916,0.69983643343666
188,38.0,0,North,1.0,Self-Employed,556421.57,316326.84,Education,590.0,1,261,63.49,2021-10-06,1,0,2021,10,2,0.5685021161203367,43.5,2.0,0.0,1,4.166510173022286,7.968061244744546,292.15423835245207,0.18211880149182158
189,38.0,2,East,3.0,Self-Employed,253013.48,185663.78,Business,679.0,1,215,83.5,2026-04-28,1,0,2026,4,1,0.7338098349542482,35.833333333333336,0.0,0.0,0,4.436751534363128,9.137833441248533,220.92329401914463,-0.6398559095997813
190,29.0,1,West,1.0,Self-Employed,1154605.36,20000.0,Car,644.0,3,124,18.68,2017-12-08,0,0,2017,12,4,0.017321935869066118,20.666666666666668,4.0,0.0,3,2.9796028916241073,4.3220365569948616,378.2163776250327,-2.345752919568632
191,35.0,2,South,0.0,Self-Employed,550548.83,243036.4,Business,672.0,3,233,64.12,2024-01-16,0,0,2024,1,1,0.44144385884899623,38.833333333333336,2.0,0.0,1,4.176231721694285,8.00749648766704,291.0586270353898,-0.2545134441583434
192,33.0,0,East,0.0,Self-Employed,638179.47,281431.56,Education,758.0,1,106,67.82,2019-11-01,0,0,2019,11,4,0.4409912465532619,17.666666666666668,2.0,1.0,2,4.231494400369335,8.235289915965314,306.6828025453823,-0.019343621083010406
193,52.0,2,West,1.0,Self-Employed,873267.15,386305.44,Other,485.0,5,280,56.72,2018-10-01,1,0,2018,10,0,0.44236799700984974,46.666666666666664,4.0,0.0,3,4.05560373390567,7.531268153505092,342.6668813721392,0.558028507260984
194,28.0,0,East,2.0,Unemployed,646441.87,281109.15,Other,622.0,0,239,86.41,2023-08-27,1,0,2023,8,6,0.4348560374036416,39.833333333333336,3.0,0.0,2,4.470609692592396,9.29569792968769,308.0822311833382,-0.021255903838074287
195,45.0,0,West,2.0,Salaried,751782.78,496673.83,Car,579.0,0,97,15.89,2025-04-13,1,0,2025,4,6,0.6606613548663618,16.166666666666668,3.0,0.0,2,2.826721730819709,3.9862262855989496,324.9859708327948,1.093265948559806
196,36.0,2,West,1.0,Self-Employed,474384.38,212496.3,Home,683.0,4,200,88.23,2021-05-21,1,0,2021,5,4,0.44794118221177515,33.333333333333336,1.0,0.0,1,4.49121730591206,9.393082561119114,276.10629946123925,-0.4538092268578298
197,42.0,0,West,3.0,Self-Employed,734574.02,460876.1,Car,650.0,2,143,43.04,2018-08-25,0,0,2018,8,5,0.627405935211267,23.833333333333332,3.0,0.0,2,3.785098311854479,6.56048778674269,322.3346182851496,0.9261485421374587
198,59.0,0,North,1.0,Unemployed,390197.58,347256.07,Other,666.0,2,141,79.36,2025-08-03,1,0,2025,8,6,0.8899493174714205,23.5,0.0,0.0,0,4.386516539946734,8.908422980528035,257.6354049142015,0.3524538289094239
199,43.0,0,North,3.0,Self-Employed,593744.21,177953.2,Other,683.0,3,105,74.02,2020-06-27,0,0,2020,6,5,0.29971357531217024,17.5,2.0,0.0,1,4.317754744653741,8.603487664894976,298.947413343432,-0.695523845658053
200,42.0,0,North,1.0,Self-Employed,564989.29,285844.24,Car,673.0,2,107,39.1,2019-09-28,0,0,2019,9,5,0.5059285991067193,17.833333333333332,2.0,0.0,1,3.6913763343125234,6.252999280345393,293.73923526212917,0.006730479144341874
201,21.0,1,West,2.0,Self-Employed,1175102.52,461314.96,Other,528.0,5,205,10.79,2019-01-23,1,0,2019,1,2,0.39257422407706183,34.166666666666664,4.0,0.0,3,2.4672517145492794,3.2848135411313684,380.5750718608113,0.9282320047248773
202,59.0,2,West,0.0,Self-Employed,619607.35,380869.82,Other,707.0,1,29,73.1,2025-05-10,0,0,2025,5,5,0.614695451885779,4.833333333333333,2.0,1.0,2,4.3054155323020415,8.549853799919621,303.4936679428459,0.5299929492277454
203,40.0,0,East,3.0,Unemployed,986131.5,441779.06,Home,734.0,4,140,91.44,2020-06-25,1,0,2020,6,3,0.4479920375730823,23.333333333333332,4.0,1.0,3,4.52655978540618,9.562426470305537,357.7122616379035,0.8346034385591949
204,44.0,2,North,1.0,Unemployed,80000.0,166876.17,Education,645.0,3,151,71.38,2020-07-28,0,0,2020,7,1,2.0859521250000004,25.166666666666668,0.0,0.0,0,4.281930018135596,8.44866853415377,146.58605265628162,-0.7774355321964334
205,36.0,1,North,3.0,Salaried,485465.75,246342.42,Home,648.0,3,22,15.51,2025-05-11,0,0,2025,5,6,0.5074352207133047,3.6666666666666665,1.0,0.0,1,2.8039662579320366,3.9382737335030433,278.374242314803,-0.2336347293636132
206,38.0,0,South,2.0,Salaried,497043.46,410139.14,Home,600.0,0,43,67.5,2023-03-04,0,0,2023,3,5,0.825157502323841,7.166666666666667,1.0,0.0,1,4.22683374526818,8.215838362577491,280.7081407114436,0.6789122183070103
207,58.0,0,North,2.0,Self-Employed,523411.63,309839.08,Education,767.0,1,95,76.72,2019-11-15,1,0,2019,11,4,0.5919606333546696,15.833333333333334,1.0,1.0,1,4.353112624509239,8.758995376183275,285.89487568741646,0.1454510454463973
208,38.0,0,South,1.0,Unemployed,244753.86,382990.9,Business,640.0,2,132,46.89,2022-02-03,0,0,2022,2,3,1.5648002446212699,22.0,0.0,0.0,0,3.868906714354518,6.847627326307997,218.33398473844431,0.540954249523556
209,47.0,2,South,1.0,Salaried,454340.78,274312.62,Home,729.0,2,217,64.08,2017-03-24,0,0,2017,3,4,0.6037596273000191,36.166666666666664,1.0,1.0,1,4.175617282350837,8.0049984384758,271.9151212714888,-0.06180013234795607
210,33.0,2,West,1.0,Self-Employed,774562.48,427514.1,Other,750.0,2,157,38.43,2022-12-21,0,0,2022,12,2,0.5519426915695684,26.166666666666668,3.0,1.0,3,3.674526947889536,6.199193495931548,328.435709309378,0.7650533645546533
211,43.0,1,South,3.0,Self-Employed,593744.21,551332.11,Education,683.0,2,54,46.52,2022-06-22,0,0,2022,6,2,0.9285683981659375,9.0,2.0,0.0,1,3.8611506750543896,6.820557161991974,298.947413343432,1.3383011239509282
212,59.0,0,East,0.0,Self-Employed,783723.38,244675.47,Education,712.0,3,279,14.24,2019-08-09,0,0,2019,8,4,0.312196211372436,46.5,3.0,1.0,3,2.7239235502585,3.7735924528226414,329.8044507321503,-0.24414624193632728
213,40.0,2,South,0.0,Self-Employed,80000.0,275864.26,Education,752.0,1,207,43.9,2026-04-30,0,0,2026,4,3,3.44830325,34.5,0.0,1.0,0,3.8044377947482086,6.6257075093909785,146.58605265628162,-0.052504436090106604
214,48.0,2,East,3.0,Unemployed,794527.3,353022.44,Education,689.0,0,125,33.99,2023-06-24,0,0,2023,6,5,0.4443175709632633,20.833333333333332,3.0,0.0,3,3.5550623063795967,5.830094338859364,331.40539244402333,0.38344297600195243
215,40.0,0,East,1.0,Self-Employed,361484.56,156959.31,Business,594.0,2,247,12.86,2020-07-20,1,0,2020,7,0,0.43420750806064856,41.166666666666664,0.0,0.0,0,2.6290069937617573,3.5860842154082215,250.74635513188642,-0.8528715560383824
216,35.0,1,South,3.0,Unemployed,115870.32,457958.61,Education,842.0,1,26,17.35,2024-01-09,0,0,2024,1,1,3.952337492465715,4.333333333333333,0.0,1.0,0,2.9096295745005794,4.165333119931706,167.31551470690488,0.9122751471976428
217,39.0,2,East,2.0,Salaried,616747.68,377390.88,Business,554.0,3,237,26.25,2023-06-24,1,0,2023,6,5,0.6119048230550296,39.5,2.0,0.0,2,3.305053521109253,5.123475382979799,302.9971244366165,0.5119548040801322
218,62.0,0,North,0.0,Unemployed,467736.83,346059.68,Business,669.0,2,136,29.15,2026-02-05,0,0,2026,2,3,0.7398598053525098,22.666666666666668,1.0,0.0,1,3.4061849231731944,5.399073994677235,274.7292447468016,0.3459953328346637
219,42.0,0,South,2.0,Salaried,665973.61,211428.29,Car,709.0,1,62,15.75,2026-04-19,0,0,2026,4,6,0.3174724746225305,10.333333333333334,3.0,1.0,2,2.8183982582710754,3.968626966596886,311.34482579655906,-0.46100465244617417
220,22.0,2,East,1.0,Unemployed,608786.97,626060.76,Home,755.0,2,24,90.38,2016-08-15,1,0,2016,8,0,1.0283741125405494,4.0,2.0,1.0,2,4.515026636135126,9.506839643120104,301.60693194583126,1.656245338116865
221,52.0,2,North,2.0,Self-Employed,1008163.12,260863.16,Home,755.0,0,78,49.04,2026-01-21,0,0,2026,1,2,0.2587509449859662,13.0,4.0,1.0,3,3.9128226855987105,7.002856560004639,360.51682752148,-0.1433893233357108
222,42.0,2,East,1.0,Salaried,427692.73,193644.94,Education,639.0,2,251,84.62,2019-06-01,1,0,2019,6,5,0.45276649897696414,41.833333333333336,1.0,0.0,0,4.4499189007168,9.198912979260104,266.1526748486111,-0.5833206069480285
223,55.0,0,West,1.0,Salaried,475625.34,196724.47,Car,686.0,3,63,55.79,2024-07-27,0,0,2024,7,5,0.41361225623512826,10.5,1.0,0.0,1,4.039360253889341,7.469270379361026,276.36197680018284,-0.5617879330618392
224,48.0,2,East,2.0,Salaried,759695.77,344812.94,Education,619.0,4,93,17.99,2022-11-17,0,0,2022,11,3,0.4538829273723612,15.5,3.0,0.0,3,2.9439125248241944,4.241462012089699,326.1919056153326,0.33925432210290446
225,36.0,0,East,2.0,Salaried,397196.7,440146.46,Business,763.0,2,287,24.11,2022-01-30,0,0,2022,1,6,1.108132217614094,47.833333333333336,0.0,1.0,0,3.2232661731694936,4.910193478876367,259.2644294018753,0.8266953364019707
226,50.0,1,South,1.0,Unemployed,254864.16,249783.7,Business,647.0,2,126,36.62,2026-01-30,0,0,2026,1,4,0.9800660084964478,21.0,0.0,0.0,0,3.627535823872884,6.051446108162907,221.4959113319861,-0.21203541425817793
227,48.0,2,East,0.0,Self-Employed,416049.02,330550.81,Home,695.0,4,288,37.46,2020-02-03,0,0,2020,2,0,0.7944996721780524,48.0,1.0,0.0,0,3.6496187401606335,6.120457499239742,263.56152195828275,0.2613439274255198
228,24.0,0,North,3.0,Self-Employed,660309.53,271928.36,Education,758.0,1,44,17.91,2018-05-26,0,0,2018,5,5,0.4118195295469989,7.333333333333333,3.0,1.0,2,2.9396908826703663,4.232020793899765,310.40516379393813,-0.07613023946059368
229,64.0,2,West,2.0,Salaried,744908.29,348869.45,Car,695.0,2,153,70.37,2023-05-25,0,0,2023,5,3,0.46833879375943044,25.5,3.0,0.0,2,4.267877612982976,8.38868285251028,323.93159430263046,0.36114752195810557
230,46.0,0,North,2.0,Unemployed,511708.43,100809.52,Car,766.0,3,296,19.6,2023-01-22,0,0,2023,1,6,0.19700578315663084,49.333333333333336,1.0,1.0,1,3.0252910757955354,4.427188724235731,283.6142551166253,-1.3286699826335673
231,35.0,2,North,3.0,Unemployed,540266.98,244976.34,Education,648.0,4,127,50.06,2017-05-16,0,0,2017,5,1,0.45343570691660634,21.166666666666668,2.0,0.0,1,3.9330014118133376,7.075309180523492,289.122038234023,-0.2422466253661156
232,29.0,2,West,0.0,Salaried,369397.45,226635.78,Home,703.0,1,66,24.86,2023-12-20,0,0,2023,12,2,0.6135282742206261,11.0,0.0,1.0,0,3.2526973733437115,4.985980344927164,252.67932400072257,-0.3600380353851649
233,34.0,1,East,3.0,Salaried,816961.74,243287.08,Home,632.0,0,136,44.71,2018-08-16,0,0,2018,8,3,0.2977949493693548,22.666666666666668,4.0,0.0,3,3.822317092343653,6.686553671361653,334.6851628532527,-0.25292584501887555
234,53.0,1,South,3.0,Self-Employed,296880.74,270189.14,Education,704.0,1,226,32.12,2018-10-30,0,0,2018,10,1,0.9100931909560722,37.666666666666664,0.0,1.0,0,3.500137329517059,5.6674509261219015,233.82812340124303,-0.08661919142766854
235,34.0,2,West,1.0,Self-Employed,505167.52,129199.81,Home,574.0,1,166,93.03,2024-09-21,1,0,2024,9,5,0.2557563677094679,27.666666666666668,1.0,0.0,1,4.543613880288985,9.645206063117573,282.32483481282395,-1.0763377520137145
236,43.0,0,West,2.0,Self-Employed,593744.21,243352.37,Education,683.0,1,121,33.8,2021-08-02,0,0,2021,8,0,0.4098606199460876,20.166666666666668,2.0,0.0,1,3.5496173867804286,5.813776741499453,298.947413343432,-0.25251247327951826
237,56.0,1,West,3.0,Salaried,810853.58,374281.94,Education,683.0,3,139,69.81,2024-09-13,0,0,2024,9,4,0.4615900444072776,23.166666666666668,4.0,0.0,3,4.260000233663683,8.355237878121724,333.7980435031392,0.49577162138281994
238,55.0,1,East,2.0,Salaried,638578.96,266480.1,Business,652.0,0,108,80.09,2018-07-17,1,0,2018,7,1,0.41730172256223413,18.0,2.0,0.0,2,4.395559648956466,8.94930164873215,306.7507352070004,-0.10908989133859716
239,36.0,0,South,0.0,Self-Employed,786351.05,167112.6,Home,627.0,3,139,25.75,2022-07-13,0,0,2022,7,2,0.2125165344409472,23.166666666666668,3.0,0.0,3,3.2865344733420154,5.07444578254611,330.19513533355297,-0.7756620603478837
240,41.0,2,South,0.0,Salaried,637187.72,410145.7,Education,628.0,0,54,32.76,2019-10-28,0,0,2019,10,0,0.643681111745217,9.0,2.0,0.0,2,3.5192766697277564,5.7236352085016735,306.5140375308738,0.6789450481414316
241,24.0,1,South,1.0,Salaried,416553.01,305409.51,Other,707.0,0,220,87.32,2021-01-10,1,0,2021,1,6,0.7331828186765473,36.666666666666664,1.0,1.0,0,4.480966582528785,9.344517108978932,263.6746464991482,0.12021688031796872
242,49.0,1,South,1.0,Self-Employed,890877.19,222313.1,Car,699.0,2,166,85.86,2025-03-18,1,0,2025,3,1,0.24954404770426328,27.666666666666668,4.0,0.0,3,4.464297627106676,9.2660671268883,345.09437513114443,-0.3884185267473331
243,23.0,2,North,2.0,Salaried,4790212.7,1037085.32,Car,792.0,0,279,42.68,2023-06-21,0,0,2023,6,2,0.2165008914948599,46.5,4.0,1.0,3,3.7768903314366495,6.53299318842443,624.7546142156774,3.1626208914580003
244,32.0,2,East,1.0,Salaried,877263.51,363635.14,Home,691.0,4,172,10.25,2018-07-21,0,0,2018,7,5,0.4145107323568035,28.666666666666668,4.0,0.0,3,2.4203681286504293,3.2015621187164243,343.22053693848255,0.4398869842282215
245,40.0,1,North,2.0,Salaried,801641.04,330907.43,Other,665.0,2,161,61.92,2024-12-20,0,0,2024,12,4,0.4127875364265282,26.833333333333332,4.0,0.0,3,4.1418640781900775,7.868926229162401,332.45181374610087,0.2633102965669468
246,40.0,0,North,1.0,Self-Employed,201799.3,312365.96,Home,563.0,0,209,80.83,2020-12-29,1,0,2020,12,1,1.5479040809358606,34.833333333333336,0.0,0.0,0,4.4046439245392905,8.990550594930212,203.86128075057633,0.15977329082546612
247,37.0,1,West,0.0,Unemployed,522697.73,187176.54,Home,705.0,3,56,34.19,2019-05-28,0,0,2019,5,1,0.35809709753283225,9.333333333333334,1.0,1.0,1,3.5607619513334936,5.847221562417487,285.7567107484209,-0.6290572969345126
248,60.0,0,West,2.0,Unemployed,935112.61,252141.91,Other,616.0,5,65,24.04,2024-03-21,1,0,2024,3,3,0.2696380171795566,10.833333333333334,4.0,0.0,3,3.2204745462318978,4.903060268852505,351.0577067609582,-0.19731134064162253
249,43.0,1,West,1.0,Unemployed,149215.08,62379.61,Home,701.0,4,27,83.34,2018-02-18,1,0,2018,2,6,0.4180516473267984,4.5,0.0,1.0,0,4.434856248318414,9.129074432821763,183.09697332103,-1.7291282468204983
250,50.0,2,East,3.0,Unemployed,727181.26,421605.55,Home,722.0,0,165,19.73,2017-03-10,0,0,2017,3,4,0.5797805488001712,27.5,3.0,1.0,2,3.0315819264476884,4.441846462902562,321.18322758297546,0.7359401401964343
251,49.0,1,West,3.0,Self-Employed,746982.44,462839.05,Home,695.0,3,60,90.05,2022-01-01,1,0,2022,1,5,0.6196116872573337,10.0,3.0,0.0,2,4.511408806173617,9.489467845985885,324.25038074083034,0.9354606102988009
252,29.0,0,West,0.0,Salaried,395345.83,136440.14,Education,792.0,1,229,21.8,2019-08-10,0,0,2019,8,5,0.34511592040821576,38.166666666666664,0.0,1.0,0,3.126760535960395,4.669047011971501,258.8354696241489,-1.016123245777387
253,32.0,2,South,0.0,Salaried,838284.16,343068.62,Education,631.0,1,277,11.0,2020-06-29,0,0,2020,6,0,0.40925098715929453,46.166666666666664,4.0,0.0,3,2.4849066497880004,3.3166247903554,337.7485893211797,0.3298044895736657
254,51.0,2,East,3.0,Unemployed,690375.88,280719.37,Other,529.0,1,232,78.68,2019-04-03,1,0,2019,4,2,0.40661815995077927,38.666666666666664,3.0,0.0,2,4.378018613276343,8.870174744614674,315.33484254528685,-0.02356909197822916
255,50.0,0,West,3.0,Salaried,933951.42,278874.85,Home,666.0,2,92,36.04,2025-12-04,0,0,2025,12,3,0.298596740716985,15.333333333333334,4.0,0.0,3,3.6119984097779785,6.003332407921453,350.9035361499593,-0.034535254869441284
256,56.0,2,South,3.0,Self-Employed,438077.99,508869.8,Car,659.0,4,67,11.05,2018-05-28,0,0,2018,5,0,1.1615963632411663,11.166666666666666,1.0,0.0,0,2.489064659936664,3.3241540277189325,268.4254016341265,1.1489533969291783
257,39.0,0,East,3.0,Self-Employed,744209.54,20000.0,Business,578.0,1,212,90.46,2022-06-02,1,0,2022,6,3,0.026874151599830337,35.333333333333336,3.0,0.0,2,4.515901718229909,9.511046209539726,323.82407015874384,-2.345752919568632
258,58.0,2,North,2.0,Self-Employed,611064.85,307436.78,Education,667.0,2,145,60.66,2020-02-27,0,0,2020,2,3,0.5031164531882337,24.166666666666668,2.0,0.0,2,4.121635422458004,7.788452991448302,302.00592162531836,0.13178605221116932
259,25.0,2,East,2.0,Salaried,626790.06,479503.62,Business,701.0,1,132,21.95,2023-11-08,0,0,2023,11,2,0.7650147164107867,22.0,2.0,1.0,2,3.133317936506554,4.685082710048992,304.7343215943742,1.0138108544646434
260,26.0,1,North,0.0,Salaried,889527.71,132787.84,Business,687.0,0,253,43.61,2022-12-28,0,0,2022,12,2,0.1492790370746292,42.166666666666664,4.0,0.0,3,3.797958049140173,6.603786792439623,344.9094613914359,-1.0463129219986902
261,55.0,1,East,1.0,Unemployed,535300.98,539797.08,Home,724.0,0,189,41.86,2025-10-02,0,0,2025,10,3,1.0083992000164095,31.5,1.0,1.0,1,3.7579389900454307,6.469930447848725,288.1781135051858,1.2875342634980684
262,42.0,2,East,0.0,Self-Employed,526129.92,335936.48,Education,752.0,4,128,92.51,2025-04-14,1,0,2025,4,0,0.6385048012475701,21.333333333333332,1.0,1.0,1,4.5380683824473556,9.61821189203066,286.4198439320018,0.290939083572253
263,41.0,2,West,0.0,Self-Employed,1507593.75,1285765.84,Other,818.0,3,128,26.54,2022-10-19,0,0,2022,10,2,0.8528596248160355,21.333333333333332,4.0,1.0,3,3.315639493300509,5.151698748956503,415.5829335917661,3.9423588663184095
264,33.0,0,East,0.0,Unemployed,1157825.04,110781.77,Other,610.0,3,299,94.98,2022-06-29,1,0,2022,6,2,0.09568092429578134,49.833333333333336,4.0,0.0,3,4.564139836430099,9.745768312452334,378.58866985609455,-1.2367727947481486
265,37.0,1,South,3.0,Salaried,548678.23,650124.54,Home,703.0,2,27,13.35,2019-10-13,0,0,2019,10,6,1.1848921725944914,4.5,2.0,1.0,1,2.66374994220563,3.653765181289022,290.7080574312951,1.7549399558453047
266,31.0,0,East,0.0,Self-Employed,824866.24,378564.03,Other,701.0,0,110,87.3,2025-04-10,1,0,2025,4,3,0.45893990036493676,18.333333333333332,4.0,1.0,3,4.480740107609915,9.343446901438462,335.8268039797509,0.5180458701893251
267,39.0,1,West,0.0,Unemployed,451348.54,20000.0,Education,625.0,2,89,22.65,2017-02-04,0,0,2017,2,5,0.0443116532513875,14.833333333333334,1.0,0.0,1,3.1633631149379418,4.759201613716317,271.2791984114195,-2.345752919568632
268,53.0,1,South,2.0,Unemployed,618918.07,163595.28,Education,682.0,2,247,34.29,2018-04-22,0,0,2018,4,6,0.2643246140801803,41.166666666666664,2.0,0.0,2,3.5635996376871786,5.85576638878294,303.3741200124581,-0.8021635254873838
269,24.0,0,East,0.0,Salaried,146281.74,590458.4,Car,739.0,3,111,80.34,2026-03-27,1,0,2026,3,4,4.036446380799135,18.5,0.0,1.0,0,4.398637900479079,8.963258336118624,181.80685820375288,1.5070353543769601
270,39.0,2,West,0.0,Salaried,646854.97,284002.31,Home,791.0,1,244,85.91,2018-11-04,1,0,2018,11,6,0.4390509823245232,40.666666666666664,3.0,1.0,2,4.464873100449369,9.268764750493995,308.1518935918904,-0.004131106604622103
271,41.0,1,South,3.0,Self-Employed,324429.92,172512.07,Business,737.0,2,73,54.81,2018-12-06,0,0,2018,12,3,0.531739088675915,12.166666666666666,0.0,1.0,0,4.021953064800342,7.40337760755184,241.30886470797864,-0.735463394639668
272,55.0,0,South,2.0,Self-Employed,384411.91,471808.38,Education,637.0,1,76,77.44,2022-12-22,1,0,2022,12,3,1.2273510984610234,12.666666666666666,0.0,0.0,0,4.362334001328145,8.8,256.274422817196,0.9777858737520021
273,21.0,2,North,0.0,Salaried,466096.67,428492.57,Car,721.0,1,207,65.98,2026-03-13,0,0,2026,3,4,0.9193212429515963,34.5,1.0,1.0,1,4.204394067366058,8.122807396460907,274.3875298760504,0.7698570503590059
274,34.0,2,North,0.0,Self-Employed,778914.56,352717.23,Business,765.0,0,284,71.47,2024-06-28,0,0,2024,6,4,0.4528317329181778,47.333333333333336,3.0,1.0,3,4.28317268312119,8.45399313933954,329.08726217567835,0.3818084825534945
275,52.0,2,West,3.0,Unemployed,189933.34,55116.24,Business,664.0,0,207,59.05,2021-05-29,0,0,2021,5,5,0.2901872836017099,34.5,0.0,0.0,0,4.095177548525992,7.684399781375251,199.51487145862464,-1.8163822698016197
276,36.0,0,East,1.0,Unemployed,462890.08,20000.0,Home,697.0,0,181,77.53,2021-10-19,1,0,2021,10,1,0.04320680192584814,30.166666666666668,1.0,0.0,1,4.363480717386783,8.805112151472008,273.71719899988597,-2.345752919568632
277,47.0,0,West,0.0,Self-Employed,308497.78,289283.15,Other,758.0,2,234,88.98,2020-04-03,1,0,2020,4,4,0.9377154999300157,39.0,0.0,1.0,0,4.499587423413026,9.432921074619463,237.03537539886094,0.026925197506669638
278,43.0,0,East,0.0,Self-Employed,593744.21,308932.95,Business,683.0,2,288,61.3,2018-05-04,0,0,2018,5,4,0.5203132001910385,48.0,2.0,0.0,1,4.131961425793407,7.829431652425353,298.947413343432,0.14030233412255907
279,48.0,2,North,0.0,Salaried,386331.76,350255.57,Education,680.0,3,179,54.73,2020-01-04,0,0,2020,1,5,0.906618627471891,29.833333333333332,0.0,0.0,0,4.020518601581445,7.397972695272672,256.72750095236233,0.36860217416225505
280,38.0,1,South,2.0,Self-Employed,850927.38,184952.01,Education,597.0,2,78,75.9,2016-12-18,1,0,2016,12,6,0.2173534597041642,13.0,4.0,0.0,3,4.3425058765115985,8.712060605849802,339.5412250469346,-0.6449504797509468
281,43.0,1,North,3.0,Self-Employed,593744.21,251366.28,Business,683.0,1,260,53.45,2025-07-27,0,0,2025,7,6,0.42335786314446755,43.333333333333336,2.0,0.0,1,3.9972828493789696,7.310950690573696,298.947413343432,-0.20214730849202237
282,21.0,1,South,3.0,Unemployed,833970.39,404081.77,Car,807.0,3,176,89.13,2019-12-26,1,0,2019,12,3,0.48452771806442674,29.333333333333332,4.0,1.0,3,4.501253072568319,9.440868604106297,337.13294105855266,0.6484961604605771
283,43.0,2,East,0.0,Self-Employed,646225.2,142055.24,Home,696.0,4,198,17.59,2020-10-05,0,0,2020,10,0,0.2198231204849331,33.0,3.0,0.0,2,2.922623801733353,4.194043395102153,308.0456818531596,-0.9704101837726136
284,63.0,0,North,3.0,Salaried,864985.14,20000.0,Education,669.0,2,42,31.61,2022-12-23,0,0,2022,12,4,0.023121784496783378,7.0,4.0,0.0,3,3.484618989801228,5.622277118748239,341.5142322509989,-2.345752919568632
285,62.0,2,West,3.0,Unemployed,647876.73,310255.59,Business,595.0,0,230,64.75,2018-07-14,1,0,2018,7,5,0.4788805889046208,38.333333333333336,3.0,0.0,2,4.185859671057874,8.04673846971554,308.324072334891,0.14781541701702752
286,64.0,0,North,3.0,Salaried,864621.14,299473.8,Education,602.0,3,275,41.34,2019-05-14,0,0,2019,5,1,0.3463641890597308,45.833333333333336,4.0,0.0,3,3.745732265706719,6.4296189622714035,341.4634084472698,0.08614268663965968
287,29.0,1,West,2.0,Salaried,654979.29,101085.74,Business,809.0,4,192,13.05,2017-12-27,0,0,2017,12,2,0.15433425383572053,32.0,3.0,1.0,2,2.642622395779755,3.6124783736376886,309.51609304488227,-1.326070814954646
288,63.0,1,South,3.0,Unemployed,444593.21,356461.43,Business,607.0,3,84,85.67,2023-04-08,1,0,2023,4,5,0.8017698470923565,14.0,1.0,0.0,0,4.462107803146254,9.255808986793104,269.8333936301449,0.40181603397257876
289,22.0,2,North,3.0,Self-Employed,463971.5,275581.06,Education,683.0,2,184,87.44,2018-07-23,1,0,2018,7,0,0.5939611808052865,30.666666666666668,1.0,0.0,1,4.482324355989245,9.350935782048767,273.9436035859523,-0.05419929440968749
290,45.0,1,East,1.0,Salaried,349453.14,267294.62,Other,468.0,2,43,71.61,2018-09-27,1,0,2018,9,3,0.764894028423954,7.166666666666667,0.0,0.0,0,4.285102653392156,8.462269199216012,247.75393947951088,-0.10414322612486833
291,50.0,2,North,1.0,Self-Employed,605616.47,382067.87,Education,585.0,4,200,16.49,2023-07-24,1,0,2023,7,0,0.630874305647599,33.333333333333336,2.0,0.0,2,2.8616292890305104,4.060788100849391,301.0499755507337,0.5361875914147767
292,32.0,2,South,1.0,Salaried,878580.42,131017.98,Car,642.0,2,74,54.03,2023-06-04,0,0,2023,6,6,0.1491246299342751,12.333333333333334,4.0,0.0,3,4.007878491071668,7.35051018637482,343.40262277216397,-1.0610769173700072
293,49.0,0,South,1.0,Unemployed,641190.21,307633.16,Car,693.0,3,214,70.36,2018-04-17,0,0,2018,4,1,0.47978455566250766,35.666666666666664,3.0,0.0,2,4.267737488271754,8.388086790204307,307.19409599335984,0.13290492055447636
294,25.0,2,North,1.0,Unemployed,660988.3,284511.79,Business,548.0,2,109,94.17,2017-06-11,1,0,2017,6,6,0.4304339274991705,18.166666666666668,3.0,0.0,2,4.555664766084252,9.704122835166505,310.5180460114058,-0.0011236130754893744
295,46.0,0,West,2.0,Unemployed,1131608.9,364946.5,Education,747.0,2,218,21.97,2026-03-23,0,0,2026,3,0,0.3225023239036031,36.333333333333336,4.0,1.0,3,3.134189016701007,4.6872166581031856,375.53748523720975,0.4468096910898766
296,58.0,1,West,0.0,Self-Employed,1095394.79,230939.01,Business,749.0,3,68,90.53,2016-05-12,1,0,2016,5,3,0.2108271940931908,11.333333333333334,4.0,1.0,3,4.516666787396688,9.514725429564429,371.24622811439133,-0.3320263897700159
297,40.0,2,East,2.0,Unemployed,534255.3,24643.31,Home,706.0,0,260,89.1,2025-03-14,1,0,2025,3,4,0.04612646800134692,43.333333333333336,1.0,1.0,1,4.500920164614292,9.439279633531363,287.9786293142277,-2.2594378961169914
298,41.0,0,North,2.0,Self-Employed,754981.58,174728.56,Business,847.0,0,245,30.56,2020-05-13,0,0,2020,5,2,0.2314342026728652,40.833333333333336,3.0,1.0,2,3.4518904959776733,5.528109984434101,325.47445380802094,-0.719126164637193
299,37.0,1,North,2.0,Self-Employed,626923.75,361767.94,Home,575.0,3,254,67.32,2021-03-18,1,0,2021,3,3,0.5770525362932892,42.333333333333336,2.0,0.0,2,4.224202549480315,8.204876598706406,304.7573258432782,0.4300105489536687
300,43.0,2,North,3.0,Self-Employed,593744.21,235613.34,Other,683.0,4,109,54.42,2025-02-11,0,0,2025,2,1,0.3968263370517752,18.166666666666668,2.0,0.0,1,4.014940539434832,7.376991256603196,298.947413343432,-0.30186415750733003
301,37.0,2,North,3.0,Unemployed,494055.9,57395.56,Car,622.0,2,78,40.18,2025-08-08,0,0,2025,8,4,0.11617219832816487,13.0,1.0,0.0,1,3.717952701599643,6.338769596696191,280.1093004175413,-1.788471662504648
302,56.0,0,West,1.0,Salaried,639263.65,304002.16,Business,725.0,2,27,75.71,2021-09-23,1,0,2021,9,3,0.47555051816257654,4.5,2.0,1.0,2,4.3400320779712045,8.701149349367588,306.8671015412809,0.11216510139559988
303,48.0,1,East,0.0,Unemployed,779939.49,106009.06,Car,603.0,3,93,76.68,2021-01-17,1,0,2021,1,6,0.1359195955060565,15.5,3.0,0.0,3,4.35259782398307,8.756711711595855,329.24036105860705,-1.2802682051576375
304,49.0,1,South,3.0,Self-Employed,718101.57,112438.84,Other,728.0,3,120,30.89,2022-08-19,0,0,2022,8,4,0.15657790582465933,20.0,3.0,1.0,2,3.4622924810219664,5.5578772926361015,319.75865655616064,-1.2218695104166908
305,23.0,2,South,2.0,Self-Employed,1124930.45,262946.14,Education,651.0,3,112,50.93,2020-07-02,0,0,2020,7,3,0.23374435281754533,18.666666666666668,4.0,0.0,3,3.9498966578562276,7.1365257653847225,374.7528873816027,-0.1306313158589985
306,24.0,0,West,2.0,Unemployed,438114.55,512940.45,Other,631.0,5,200,40.48,2017-09-18,1,0,2017,9,0,1.170790721285107,33.333333333333336,1.0,0.0,0,3.7252113833613265,6.362389488234746,268.433340355102,1.1674060835087607
307,39.0,1,East,0.0,Self-Employed,399006.9,411913.22,Home,593.0,3,95,74.5,2021-12-20,1,0,2021,12,0,1.0323461072978937,15.833333333333334,0.0,0.0,0,4.324132656254979,8.631338250816034,259.6827098061004,0.6877820882180085
308,61.0,2,West,2.0,Self-Employed,777105.26,267307.19,Other,591.0,6,128,60.25,2022-01-09,1,0,2022,1,6,0.34397809892574915,21.333333333333332,3.0,0.0,3,4.114963849424837,7.762087348130012,328.8166784587689,-0.10406694043446543
309,47.0,1,East,0.0,Unemployed,786525.25,56244.6,Car,687.0,1,214,18.08,2022-12-31,0,0,2022,12,5,0.07151022805688692,35.666666666666664,3.0,0.0,3,2.9486406660201405,4.252058325093859,330.2210055826372,-1.802501666751156
310,43.0,0,East,3.0,Salaried,520860.41,228214.91,Other,756.0,3,200,34.01,2022-12-11,0,0,2022,12,6,0.43814984901616927,33.333333333333336,1.0,1.0,1,3.555633734966574,5.831809324729333,285.4005598452975,-0.3497311771979672
311,59.0,2,North,2.0,Unemployed,558200.96,399924.91,Business,813.0,1,157,27.05,2021-07-17,0,0,2021,7,5,0.716453282344767,26.166666666666668,2.0,1.0,1,3.3339886319687055,5.200961449578338,292.4847160994338,0.6275042398256842
312,56.0,2,East,1.0,Unemployed,1208602.16,136913.11,Other,593.0,1,57,72.2,2020-08-24,1,0,2020,8,0,0.11328219866825325,9.5,4.0,0.0,3,4.293195420967266,8.497058314499201,384.373167659474,-1.0122404668780276
313,43.0,1,West,2.0,Self-Employed,593744.21,369388.69,Education,683.0,3,66,78.57,2023-08-27,1,0,2023,8,6,0.6221343867925887,11.0,2.0,0.0,1,4.3766371373894435,8.863972021616494,298.947413343432,0.4701772922192722
314,51.0,0,South,1.0,Self-Employed,430608.84,405804.78,Business,619.0,1,291,16.67,2017-01-09,0,0,2017,1,0,0.9423976990346971,48.5,1.0,0.0,0,2.871868286331605,4.0828911325187205,266.7944263943875,0.6571687392135382
315,58.0,1,South,1.0,Salaried,633314.31,37616.99,Home,742.0,3,142,74.52,2024-01-30,0,0,2024,1,1,0.05939703146767676,23.666666666666668,2.0,1.0,2,4.324397521837245,8.632496741962894,305.85326471861055,-2.0510673845215788
316,52.0,0,North,0.0,Unemployed,251166.57,406959.18,Education,756.0,2,213,69.26,2017-10-28,0,0,2017,10,5,1.620276058234979,35.5,0.0,1.0,0,4.252202646837681,8.322259308625274,220.34912534562798,0.6629700073536768
317,21.0,2,South,3.0,Salaried,495555.05,441335.72,Car,650.0,1,82,75.0,2020-01-26,0,0,2020,1,6,0.8905886843449582,13.666666666666666,1.0,0.0,1,4.330733340286331,8.660254037844387,280.41008998017645,0.8324572609603723
318,60.0,1,South,3.0,Salaried,485067.32,272564.75,Business,522.0,3,62,81.31,2025-06-25,1,0,2025,6,2,0.5619111796688344,10.333333333333334,1.0,0.0,1,4.410492606984553,9.017205775626948,278.29328444240565,-0.07229982977113894
319,55.0,0,South,3.0,Unemployed,3607659.6,1948737.56,Education,684.0,3,32,91.73,2021-07-30,1,0,2021,7,4,0.5401666942191553,5.333333333333333,4.0,0.0,3,4.529692044812134,9.577577981932594,565.3596463768089,5.739224399385993
320,43.0,2,West,1.0,Self-Employed,593744.21,328074.6,Car,683.0,2,41,67.18,2024-09-06,0,0,2024,9,4,0.5525520829921019,6.833333333333333,2.0,0.0,1,4.222151266709757,8.196340646898468,298.947413343432,0.24766389942157493
321,31.0,0,West,1.0,Self-Employed,548712.94,229438.67,Other,682.0,1,132,11.68,2025-11-11,0,0,2025,11,1,0.41813971072014455,22.0,2.0,0.0,1,2.5400259490090797,3.4176014981270124,290.71456950188065,-0.34176586511461615
322,61.0,0,West,2.0,Self-Employed,625465.18,245024.84,Other,577.0,4,52,34.29,2017-02-27,1,0,2017,2,0,0.3917481705376468,8.666666666666666,2.0,0.0,2,3.5635996376871786,5.85576638878294,304.506174976151,-0.24194050708152756
323,40.0,2,West,1.0,Salaried,320868.89,485371.74,Other,667.0,4,147,73.83,2020-09-09,0,0,2020,9,2,1.512679337657197,24.5,0.0,0.0,0,4.315218874092267,8.592438536294571,240.36571941193912,1.0411075527573235
324,22.0,1,East,0.0,Unemployed,462928.18,155436.16,Business,603.0,2,176,93.05,2024-04-26,1,0,2024,4,4,0.3357673322025892,29.333333333333332,1.0,0.0,1,4.54382655574704,9.646242791885346,273.72518139655506,-0.8646459614682542
325,55.0,0,North,0.0,Self-Employed,978399.49,207995.88,Home,628.0,2,285,53.93,2026-01-28,0,0,2026,1,2,0.21258788677414378,47.5,4.0,0.0,3,4.006059647354529,7.343704787094863,356.7183591441936,-0.48424115799674045
326,40.0,1,East,3.0,Unemployed,1025380.27,161721.03,Car,599.0,3,176,88.67,2019-12-05,1,0,2019,12,3,0.1577181019876655,29.333333333333332,4.0,0.0,3,4.4961362649639565,9.416474924301557,362.6809435721323,-0.8163899883963165
327,30.0,0,North,1.0,Self-Employed,463329.98,259251.73,Education,813.0,2,153,31.33,2020-11-10,0,0,2020,11,1,0.5595401575352409,25.5,1.0,1.0,1,3.4759955917373415,5.597320787662611,273.8093372476322,-0.15329064943417864
328,21.0,1,West,0.0,Self-Employed,935115.26,592300.64,Other,635.0,2,277,83.62,2025-06-28,1,0,2025,6,5,0.633398539555434,46.166666666666664,4.0,0.0,3,4.438170645291922,9.144397191723465,351.05805845791224,1.5148539704595558
329,43.0,0,South,3.0,Self-Employed,593744.21,148953.08,Education,683.0,1,267,59.94,2022-06-11,1,0,2022,6,5,0.2508707916494882,44.5,2.0,0.0,1,4.109889773557563,7.742092740338364,298.947413343432,-0.9153539455707769
330,56.0,1,North,2.0,Salaried,726770.31,224486.84,Education,668.0,3,102,91.39,2024-06-14,1,0,2024,6,4,0.3088827885663078,17.0,3.0,0.0,2,4.526018747682654,9.559811713627,321.11900132194177,-0.37411610199133377
331,45.0,1,South,0.0,Self-Employed,789476.35,518866.07,Business,613.0,3,263,73.61,2025-10-31,0,0,2025,10,4,0.6572281360929938,43.833333333333336,3.0,0.0,3,4.312274546483423,8.579627031520658,330.65870591562583,1.1941500729295358
332,63.0,2,South,3.0,Self-Employed,774396.65,59180.24,Other,644.0,2,267,29.48,2019-06-08,0,0,2019,6,5,0.0764210950550987,44.5,3.0,0.0,3,3.4170707308184456,5.429548784199291,328.41083582600606,-1.7669648793775803
333,53.0,1,North,0.0,Self-Employed,276934.33,403456.17,Car,639.0,2,66,12.51,2022-11-14,0,0,2022,11,0,1.4568658569704953,11.0,0.0,0.0,0,2.6034301519721073,3.5369478367654787,228.1255915520917,0.6453431525242753
334,53.0,1,West,0.0,Self-Employed,665871.8,195209.27,Car,610.0,1,80,46.11,2016-11-30,0,0,2016,11,2,0.2931634437740117,13.333333333333334,3.0,0.0,2,3.85248529271195,6.790434448545984,311.32798156878414,-0.572363386087769
335,62.0,0,North,0.0,Salaried,454986.69,335910.68,Business,719.0,2,110,54.32,2016-05-27,0,0,2016,5,4,0.7382868276872011,18.333333333333332,1.0,1.0,1,4.013134506796558,7.370210309075311,272.0520355325737,0.29079781980569847
336,63.0,2,West,0.0,Salaried,718000.57,93593.66,Business,652.0,5,206,48.62,2019-02-05,1,0,2019,2,1,0.130353183424353,34.333333333333336,3.0,0.0,2,3.9043939782636548,6.972804313904127,319.74274442186623,-1.397746265424389
337,42.0,2,North,1.0,Unemployed,863666.64,365412.29,Car,850.0,1,37,80.1,2018-01-03,1,0,2018,1,2,0.42309413502413384,6.166666666666667,4.0,1.0,3,4.395682961121367,8.949860334105779,341.3300695713981,0.4492659124647684
338,44.0,0,West,0.0,Unemployed,586776.0,369837.6,Education,787.0,1,154,14.77,2018-02-10,0,0,2018,2,5,0.6302875373225898,25.666666666666668,2.0,1.0,1,2.758109400974947,3.8431757701151272,297.70061320865386,0.47253166953241
339,48.0,1,West,1.0,Unemployed,476719.29,516544.8,Home,579.0,1,152,76.85,2026-02-08,1,0,2026,2,6,1.0835407981917409,25.333333333333332,1.0,0.0,1,4.354783898280007,8.766413177577247,276.5870064024576,1.1836900018405616
340,32.0,2,East,0.0,Unemployed,803301.3,418555.78,Other,707.0,2,88,10.68,2023-09-30,0,0,2023,9,5,0.5210445694535786,14.666666666666666,4.0,1.0,3,2.457877977400081,3.2680269276736382,332.6951671024328,0.7208410978415637
341,25.0,2,North,3.0,Self-Employed,624901.44,51036.66,Home,508.0,3,51,78.79,2022-10-19,1,0,2022,10,2,0.08167153527442665,8.5,2.0,0.0,2,4.379398183320189,8.87637313321156,304.40900280650163,-1.8676695158023808
342,55.0,2,West,2.0,Self-Employed,733208.33,128169.27,Home,570.0,3,156,16.6,2018-07-02,1,0,2018,7,0,0.1748060745572817,26.0,3.0,0.0,2,2.8678989020441064,4.0743097574926725,322.12248638836775,-1.0850305629356207
343,57.0,0,North,2.0,Salaried,677065.21,20000.0,Home,702.0,2,233,35.16,2019-11-15,0,0,2019,11,4,0.029539252208808663,38.833333333333336,3.0,1.0,2,3.5879535355239756,5.929586832149437,313.16998182551214,-2.345752919568632
344,22.0,2,East,1.0,Salaried,654457.97,539210.1,Education,628.0,2,266,10.17,2016-08-08,0,0,2016,8,0,0.8239033287347697,44.333333333333336,3.0,0.0,2,2.413231613081109,3.189043743820395,309.42888630093506,1.2849379039474182
345,56.0,2,East,1.0,Unemployed,965434.53,324157.72,Business,709.0,2,141,40.11,2018-02-12,0,0,2018,2,0,0.33576354473254644,23.5,4.0,1.0,3,3.716251400909787,6.3332456134276045,355.04028348551674,0.2259294449500337
346,39.0,2,West,1.0,Salaried,140373.29,261773.72,Home,652.0,1,66,43.24,2024-08-23,0,0,2024,8,4,1.8648399563763163,11.0,0.0,0.0,0,3.7896293572140793,6.575712889109439,179.1563346443775,-0.1378066268888679
347,43.0,2,West,0.0,Self-Employed,593744.21,181511.1,Car,683.0,4,160,83.99,2020-07-07,1,0,2020,7,1,0.30570588637824364,26.666666666666668,2.0,0.0,1,4.442533602510535,9.164605828948673,298.947413343432,-0.6697046984778379
348,59.0,1,South,0.0,Self-Employed,609558.36,293669.79,Education,834.0,4,26,75.7,2018-07-18,1,0,2018,7,2,0.4817746901215496,4.333333333333333,2.0,1.0,2,4.33990170837321,8.700574693662482,301.7421557240879,0.0525291158164261
349,29.0,2,West,3.0,Self-Employed,525080.84,292469.31,Home,850.0,2,44,72.16,2022-09-04,0,0,2022,9,6,0.5569986328200435,7.333333333333333,1.0,1.0,1,4.292648823522665,8.49470423263812,286.21745010254074,0.045539380552778244
350,49.0,2,South,2.0,Self-Employed,322008.24,486674.71,Home,690.0,3,252,55.18,2023-03-13,0,0,2023,3,0,1.5113734667162555,42.0,0.0,0.0,0,4.0285608216760975,7.428324171709256,240.66821447716984,1.0471483675213369
351,38.0,2,East,2.0,Salaried,683431.97,255358.36,Education,672.0,0,49,65.06,2018-02-11,0,0,2018,2,6,0.373641227231439,8.166666666666666,3.0,0.0,2,4.190563419962643,8.065977932030313,314.2088932802828,-0.17732824902951566
352,60.0,0,West,3.0,Self-Employed,855846.4,293576.49,Education,684.0,0,41,50.74,2026-01-06,0,0,2026,1,1,0.34302474135545813,6.833333333333333,4.0,0.0,3,3.946231176757883,7.123201527403251,340.2340005036788,0.05198634296919126
353,60.0,1,West,3.0,Self-Employed,448324.93,331692.55,Other,776.0,3,22,39.79,2025-01-21,0,0,2025,1,1,0.7398485513620667,3.6666666666666665,1.0,1.0,1,3.708436953329467,6.307931515164063,270.63382183970947,0.2676360136453741
354,29.0,0,North,3.0,Salaried,477024.39,271984.21,Business,630.0,4,254,80.67,2019-08-30,1,0,2019,8,4,0.5701683513499174,42.333333333333336,1.0,0.0,1,4.402686737370185,8.981647955692763,276.6497068038861,-0.07579391871555081
355,49.0,2,South,2.0,Self-Employed,667133.5,526951.39,Home,791.0,3,230,62.74,2018-06-12,0,0,2018,6,1,0.7898739757484822,38.333333333333336,3.0,1.0,2,4.15481230898919,7.920858539325141,311.53660897332924,1.2304204989688836
356,41.0,1,East,2.0,Self-Employed,703662.0,536705.63,Business,591.0,2,234,61.46,2020-10-17,1,0,2020,10,5,0.7627321498105625,39.0,3.0,0.0,2,4.134526351854933,7.839642849007856,317.46884854145964,1.2738456749143372
357,36.0,2,West,1.0,Unemployed,796031.9,346588.69,Business,829.0,1,288,70.59,2020-09-16,0,0,2020,9,2,0.4353954784977838,48.0,4.0,1.0,3,4.270955399408094,8.401785524517988,331.6272227635229,0.3488523363161936
358,30.0,0,West,0.0,Unemployed,877482.4,205453.13,Education,599.0,1,113,83.83,2023-02-28,1,0,2023,2,1,0.23413931721023692,18.833333333333332,4.0,0.0,3,4.440649253819643,9.155872432488342,343.250814601241,-0.5015664491897038
359,23.0,2,West,2.0,Unemployed,256906.35,304656.73,Home,697.0,4,258,64.12,2020-04-02,0,0,2020,4,3,1.1858668732789204,43.0,0.0,0.0,0,4.176231721694285,8.00749648766704,222.12465874103412,0.1159121333089434
360,56.0,1,West,2.0,Unemployed,480165.78,86699.02,Car,768.0,1,129,28.59,2021-09-06,0,0,2021,9,0,0.1805605972170695,21.5,1.0,1.0,1,3.3874364664121184,5.34696175411794,277.2937775641294,-1.4660265758411497
361,42.0,1,South,3.0,Salaried,753506.41,379258.92,Car,707.0,3,276,49.44,2022-04-01,0,0,2022,4,4,0.5033254063492306,46.0,3.0,1.0,2,3.9207845110967185,7.031358332498778,325.24935057292146,0.5216497724157593
362,45.0,1,South,2.0,Self-Employed,593036.11,352447.51,Business,554.0,0,197,76.62,2021-04-27,1,0,2021,4,1,0.5943103700717314,32.833333333333336,2.0,0.0,1,4.35182512594076,8.753285097607641,298.82115035170625,0.38036351868979923
363,32.0,2,North,1.0,Unemployed,767685.24,256161.04,Business,642.0,1,195,80.27,2025-01-25,1,0,2025,1,5,0.333679777404604,32.5,3.0,0.0,3,4.397776944765114,8.959352655186645,327.4012491858277,-0.1723590822348383
364,55.0,0,East,3.0,Salaried,761157.06,474209.82,Other,615.0,4,272,37.04,2024-03-11,0,0,2024,3,0,0.6230117868183472,45.333333333333336,3.0,0.0,3,3.6386382376771897,6.086049621881176,326.4137119662861,0.9890563444100846
365,44.0,1,East,3.0,Self-Employed,590173.18,279825.48,Education,706.0,2,185,11.46,2025-09-09,0,0,2025,9,1,0.47414130204967964,30.833333333333332,2.0,1.0,1,2.522523513359307,3.3852621759621515,298.30965409571684,-0.02887944026561165
366,55.0,1,North,0.0,Unemployed,957841.7,500235.49,Car,730.0,0,226,53.49,2021-08-01,0,0,2021,8,6,0.5222527793475686,37.666666666666664,4.0,1.0,3,3.998017198595007,7.313685801290619,354.05072813330247,1.1095917273950373
367,63.0,0,West,0.0,Self-Employed,567953.63,398958.18,Education,547.0,0,48,74.32,2025-08-25,1,0,2025,8,0,0.7024485079882313,8.0,2.0,0.0,1,4.3217457037889515,8.620904824900922,294.28399125736155,0.6226082415559564
368,25.0,2,West,1.0,Unemployed,231240.7,174158.81,Education,712.0,3,202,62.57,2025-01-27,0,0,2025,1,0,0.7531494672001944,33.666666666666664,0.0,1.0,0,4.152141660948318,7.910120100226039,213.97249575918917,-0.7233167024206375
369,38.0,2,West,1.0,Salaried,4398072.05,1529589.4,Car,735.0,0,208,67.36,2024-04-06,0,0,2024,4,5,0.3477863442459975,34.666666666666664,4.0,1.0,3,4.224787858247391,8.207313811473277,606.2365072049736,4.643137729827848
370,21.0,1,West,1.0,Unemployed,999343.2,222091.05,Business,692.0,2,83,78.87,2024-03-01,1,0,2024,3,4,0.2222370152716304,13.833333333333334,4.0,0.0,3,4.380400312929297,8.880878334939625,359.3988994308776,-0.38988307405292455
371,43.0,1,East,2.0,Self-Employed,593744.21,168027.85,Home,683.0,2,131,12.12,2023-10-18,0,0,2023,10,2,0.2829970333521232,21.833333333333332,2.0,0.0,1,2.574137783515943,3.481379037105842,298.947413343432,-0.7688073602395401
372,43.0,2,East,2.0,Self-Employed,593744.21,20000.0,Car,683.0,7,45,72.95,2022-05-01,1,0,2022,5,6,0.033684539003757195,7.5,2.0,0.0,1,4.303389189156809,8.54107721543366,298.947413343432,-2.345752919568632
373,36.0,0,South,0.0,Salaried,483548.61,277374.34,Car,674.0,0,147,62.39,2022-01-03,0,0,2022,1,0,0.5736224533868478,24.5,1.0,0.0,1,4.149306120296075,7.898734075787082,277.9842978138151,-0.04348030515518706
374,29.0,1,West,0.0,Self-Employed,487085.13,425134.26,Other,811.0,3,234,34.35,2020-01-29,0,0,2020,1,2,0.8728130542601454,39.0,1.0,1.0,1,3.565298392342582,5.860887304837042,278.7028444156478,0.7533491022469603
375,32.0,2,East,3.0,Unemployed,663291.31,423051.6,Car,677.0,1,295,39.54,2021-12-30,0,0,2021,12,3,0.637806637328024,49.166666666666664,3.0,0.0,2,3.702289141023854,6.288083968904996,310.9004859625755,0.7430821630804061
376,27.0,2,North,0.0,Self-Employed,713685.23,351460.05,Business,704.0,1,30,77.1,2016-12-09,1,0,2016,12,4,0.4924580686642485,5.0,3.0,1.0,2,4.35799005684564,8.780660567406077,319.06151822868026,0.37506917089527736
377,40.0,2,West,3.0,Self-Employed,435099.43,194269.73,Other,541.0,0,71,47.27,2017-08-03,1,0,2017,8,3,0.44649502298819377,11.833333333333334,1.0,0.0,0,3.8768102496724017,6.8753181744556375,267.77717974840215,-0.5789395525233453
378,30.0,1,South,2.0,Unemployed,542272.44,290735.37,Home,718.0,2,112,29.76,2016-06-08,0,0,2016,6,2,0.5361426260202344,18.666666666666668,2.0,1.0,1,3.4262151446374434,5.455272678794342,289.5016339751149,0.035420748711548926
379,43.0,0,West,2.0,Salaried,407500.98,105582.5,Other,643.0,2,185,83.5,2024-11-24,1,0,2024,11,6,0.2590975364034708,30.833333333333332,1.0,0.0,0,4.436751534363128,9.137833441248533,261.6291422233246,-1.2841981280022017
380,44.0,2,South,1.0,Self-Employed,645356.66,427660.38,Other,800.0,1,285,52.97,2020-12-20,0,0,2020,12,6,0.6626729163994372,47.5,3.0,1.0,2,3.9884283366305513,7.2780491891715045,307.89909084250064,0.7657718239403049
381,54.0,1,North,1.0,Self-Employed,243405.27,417204.33,Car,612.0,2,125,33.96,2021-11-29,0,0,2021,11,0,1.7140316230622288,20.833333333333332,0.0,0.0,0,3.5542045507873348,5.8275209137333865,217.9058508479543,0.7141343934992407
382,52.0,1,East,1.0,Self-Employed,593835.68,560827.7,Other,654.0,4,186,57.82,2018-07-23,0,0,2018,7,0,0.9444156336311754,31.0,2.0,0.0,2,4.074481933125849,7.603946343840151,298.9637164438768,1.3797342303852418
383,36.0,0,North,2.0,Salaried,530279.15,426773.7,Other,676.0,4,246,77.98,2017-05-08,1,0,2017,5,0,0.8048095045788619,41.0,1.0,0.0,1,4.369194655858504,8.830628516702534,287.21777653443996,0.7614151640596499
384,33.0,0,South,2.0,Unemployed,248702.54,221075.65,Other,522.0,1,248,53.36,2019-05-04,1,0,2019,5,5,0.8889159314577164,41.333333333333336,0.0,0.0,0,3.995628589282943,7.30479294709987,219.57882129946637,-0.39658863999322297
385,50.0,1,South,1.0,Salaried,512200.95,702701.14,Other,581.0,3,139,25.75,2022-05-10,1,0,2022,5,1,1.3719247104090688,23.166666666666668,1.0,0.0,1,3.2865344733420154,5.07444578254611,283.7109120939065,1.9650124634667558
386,26.0,2,East,0.0,Salaried,765180.85,295413.15,Home,773.0,3,266,58.56,2018-01-05,0,0,2018,1,4,0.3860697114936946,44.333333333333336,3.0,1.0,3,4.086984207815808,7.652450587883597,327.02304974948373,0.06265687005169301
387,41.0,1,East,1.0,Unemployed,904489.79,223020.55,Business,622.0,3,146,28.74,2019-05-15,0,0,2019,5,2,0.24657055553938312,24.333333333333332,4.0,0.0,3,3.392492941032009,5.360970061472083,346.94956455005547,-0.38375687529201824
388,40.0,2,North,3.0,Unemployed,542368.84,245902.81,Other,723.0,1,146,61.02,2024-06-27,0,0,2024,6,3,0.4533866842350309,24.333333333333332,2.0,1.0,1,4.127456913672303,7.811529939774922,289.51985769757874,-0.23640371934021692
389,28.0,0,East,3.0,Salaried,270169.52,208807.73,Business,710.0,1,238,13.41,2021-01-07,0,0,2021,1,3,0.7728767108887783,39.666666666666664,0.0,1.0,0,2.667922410011431,3.661966684720111,226.13115937437723,-0.47872965030966363
390,37.0,0,West,0.0,Unemployed,183678.83,201570.61,Home,621.0,4,21,74.64,2025-01-02,0,0,2025,1,3,1.097407959316814,3.5,0.0,0.0,0,4.325985243790257,8.63944442658207,197.15261256238946,-0.5282078306080888
391,30.0,1,West,3.0,Self-Employed,689934.19,325305.94,Business,796.0,3,135,66.95,2020-07-04,0,0,2020,7,5,0.47150285449689056,22.5,3.0,1.0,2,4.218772140597153,8.182297965730655,315.2634424531043,0.2323130220044043
392,52.0,1,East,1.0,Self-Employed,381961.58,235064.88,Education,705.0,5,117,28.32,2021-08-01,1,0,2021,8,6,0.6154149849312069,19.5,0.0,1.0,0,3.3782698770184507,5.321653878260029,255.69401371690995,-0.3053891826860757
393,51.0,2,East,3.0,Salaried,662294.67,165976.01,Education,614.0,2,158,58.32,2022-08-05,0,0,2022,8,4,0.25060749771699053,26.333333333333332,3.0,0.0,2,4.082946517269732,7.636753236814713,310.73508901016567,-0.7841980517113614
394,28.0,2,North,2.0,Salaried,463435.24,190356.56,Business,740.0,4,211,46.64,2025-09-08,0,0,2025,9,0,0.41075115478917834,35.166666666666664,1.0,1.0,1,3.8636727444870993,6.829348431585549,273.8313758172088,-0.6064845832679902
395,48.0,1,East,3.0,Salaried,420291.9,411750.8,Car,664.0,4,166,26.35,2019-03-18,0,0,2019,3,0,0.979678171290001,27.666666666666668,1.0,0.0,0,3.3087165288679903,5.13322510708424,264.5111075251733,0.6869707531839951
396,52.0,1,North,2.0,Self-Employed,583952.96,349701.25,Other,722.0,1,77,48.73,2018-12-09,0,0,2018,12,6,0.5988517465516401,12.833333333333334,2.0,1.0,1,3.906608372726647,6.980687645210892,297.19275898833376,0.3656225988655884
397,21.0,0,South,1.0,Self-Employed,84825.37,386851.16,Other,791.0,1,203,47.64,2023-09-19,0,0,2023,9,1,4.5605596533206985,33.833333333333336,0.0,1.0,0,3.8844462376579116,6.902173570694959,149.6868863174736,0.5608333500595382
398,32.0,2,East,1.0,Salaried,524060.05,349314.05,Business,682.0,2,156,30.4,2017-04-13,0,0,2017,4,3,0.6665534798922376,26.0,1.0,0.0,1,3.4468078929142076,5.513619500836088,286.020261921773,0.3635400632681421
399,46.0,2,West,3.0,Self-Employed,379944.95,110952.86,Business,747.0,1,137,66.26,2018-02-22,0,0,2018,2,3,0.29202351551191824,22.833333333333332,0.0,1.0,0,4.208565706312124,8.140024569987489,255.21451867930216,-1.235229426187147
400,36.0,1,North,3.0,Unemployed,573690.76,102957.73,Business,748.0,1,214,74.35,2020-09-13,0,0,2020,9,6,0.17946555388132798,35.666666666666664,2.0,1.0,1,4.3221439250725044,8.622644605919925,295.33308068974316,-1.3085394248455195
401,21.0,1,South,2.0,Salaried,551080.36,521808.54,Home,648.0,4,195,68.74,2024-06-16,0,0,2024,6,6,0.9468828466323859,32.5,2.0,0.0,1,4.2447740412475055,8.290958931269651,291.1581000595509,1.207379142299389
402,35.0,0,West,3.0,Self-Employed,743834.72,550524.39,Other,645.0,4,272,51.89,2023-11-21,0,0,2023,11,1,0.7401165543872434,45.333333333333336,3.0,0.0,2,3.9682142850778885,7.2034713853808015,323.76636557707724,1.3347619369760675
403,23.0,1,North,3.0,Salaried,297741.4,264249.27,Education,689.0,5,233,54.47,2025-04-11,1,0,2025,4,4,0.8875126871842478,38.833333333333336,0.0,0.0,0,4.015842334067143,7.380379394042016,234.06850237326466,-0.12267293610455501
404,25.0,2,East,3.0,Self-Employed,347834.0,508881.79,Home,516.0,1,222,78.08,2019-03-12,1,0,2019,3,1,1.4630018629576176,37.0,0.0,0.0,0,4.370459998302416,8.836288813749809,247.34615101225626,1.1490078462867126
405,28.0,0,North,1.0,Self-Employed,417114.36,262746.3,Other,566.0,5,109,77.11,2023-06-16,1,0,2023,6,4,0.6299142997618207,18.166666666666668,1.0,0.0,0,4.358118089622206,8.78122998218359,263.8005413726203,-0.13185333353553083
406,45.0,0,North,3.0,Unemployed,710696.38,350126.46,Business,667.0,4,181,14.28,2023-05-19,0,0,2023,5,4,0.49265265710231987,30.166666666666668,3.0,0.0,2,2.7265447837383743,3.778888725538237,318.58812452710396,0.36790837322625686
407,55.0,2,East,0.0,Salaried,496598.62,583153.15,Home,724.0,2,228,16.5,2024-05-11,0,0,2024,5,5,1.1742947453216845,38.0,1.0,1.0,1,2.8622008809294686,4.06201920231798,280.6191233003719,1.4759225503155706
408,34.0,0,East,2.0,Unemployed,266129.61,106925.46,Education,568.0,2,164,80.94,2018-08-20,1,0,2018,8,0,0.4017796441365544,27.333333333333332,0.0,0.0,0,4.405987272118725,8.996666049153987,224.92458848070294,-1.2718493678534413
409,25.0,1,South,3.0,Unemployed,633229.66,425321.88,Home,655.0,3,182,11.42,2025-09-28,0,0,2025,9,6,0.6716708121347317,30.333333333333332,2.0,0.0,2,2.519308076505333,3.37934904974316,305.8387948415206,0.7542729036269066
410,26.0,1,North,1.0,Unemployed,533571.54,328563.58,Education,715.0,1,24,36.5,2024-12-23,0,0,2024,12,0,0.6157816813093142,4.0,1.0,1.0,1,3.624340932976365,6.041522986797286,287.84805141211405,0.25036898517538414
411,39.0,0,West,1.0,Unemployed,713377.18,152655.89,Other,684.0,1,63,19.89,2019-10-04,0,0,2019,10,4,0.21399043070034846,10.5,3.0,0.0,2,3.0392705755684744,4.459820624195552,319.0127868182767,-0.8862731097569093
412,43.0,1,East,2.0,Self-Employed,593744.21,454780.2,Business,683.0,3,164,86.44,2016-12-13,1,0,2016,12,1,0.7659530692518248,27.333333333333332,2.0,0.0,1,4.470952843868283,9.297311439335568,298.947413343432,0.8971156285531823
413,36.0,2,East,2.0,Unemployed,999012.12,246489.22,Other,850.0,1,206,12.48,2023-04-24,0,0,2023,4,0,0.24673296255905283,34.333333333333336,4.0,1.0,3,2.601207105484161,3.5327043465311387,359.3568103844528,-0.23271056980072813
414,35.0,2,West,2.0,Self-Employed,1088807.51,285991.97,Home,637.0,2,265,37.0,2025-07-07,0,0,2025,7,0,0.26266531721479397,44.166666666666664,4.0,0.0,3,3.6375861597263857,6.082762530298219,370.4557940118271,0.007600253407074878
415,54.0,0,East,0.0,Self-Employed,688386.97,261610.42,Other,789.0,3,240,43.85,2022-03-02,0,0,2022,3,2,0.38003395096220377,40.0,3.0,1.0,2,3.803323588504805,6.621933252457322,315.01309683228124,-0.13880718432131042
416,38.0,0,North,3.0,Self-Employed,957364.45,255210.49,Other,701.0,4,25,31.35,2024-05-25,0,0,2024,5,5,0.2665761090251471,4.166666666666667,4.0,1.0,3,3.4766140209469096,5.599107071667768,353.9883594007914,-0.17824443769640574
417,37.0,2,South,0.0,Unemployed,676403.59,58100.74,Business,719.0,2,125,10.54,2023-09-22,0,0,2023,9,4,0.08589655770455033,20.833333333333332,3.0,1.0,2,2.4458192610799534,3.246536616149585,313.06165709779555,-1.7799381964379681
418,55.0,1,West,1.0,Unemployed,529855.83,140169.8,Car,775.0,1,233,79.74,2025-01-23,1,0,2025,1,3,0.26454328151867273,38.833333333333336,1.0,1.0,1,4.391234115424795,8.92972563968233,287.1365545775195,-0.9856674344011197
419,53.0,1,North,1.0,Salaried,567620.69,386978.59,Business,623.0,1,95,66.06,2023-09-02,0,0,2023,9,5,0.6817556104235737,15.833333333333334,2.0,0.0,1,4.205587741038083,8.12773031048644,294.22289913224944,0.5614880466645793
420,43.0,0,West,1.0,Self-Employed,813888.91,34581.21,Car,630.0,1,144,28.93,2022-07-30,0,0,2022,7,5,0.04248885760097161,24.0,4.0,0.0,3,3.3988613218646075,5.378661543544081,334.23942038103934,-2.096469309946847
421,61.0,0,West,0.0,Unemployed,309554.04,257529.17,Car,655.0,2,113,18.52,2020-04-05,0,0,2020,4,6,0.8319360651859043,18.833333333333332,0.0,0.0,0,2.9714395809849465,4.303486958270002,237.32307384111883,-0.16390550801372916
422,22.0,2,South,2.0,Unemployed,297630.77,213119.98,Business,662.0,3,228,29.68,2021-11-29,0,0,2021,11,0,0.7160549294012847,38.0,0.0,0.0,0,3.4236109764990554,5.447935388750494,234.03762913901366,-0.44961488540721106
423,64.0,2,West,2.0,Salaried,565150.7,410947.97,Business,527.0,0,163,10.96,2020-05-25,1,0,2020,5,0,0.7271475908992062,27.166666666666668,2.0,0.0,1,2.481567748522486,3.3105890714493698,293.76894524866367,0.682958265435779
424,27.0,2,East,2.0,Unemployed,929575.58,135140.58,Education,615.0,3,98,33.08,2024-01-20,0,0,2024,1,5,0.14537879749379817,16.333333333333332,4.0,0.0,3,3.528710701961115,5.751521537819362,350.32143722713664,-1.02682312380964
425,36.0,2,West,1.0,Salaried,609897.63,134211.54,Education,587.0,1,27,89.08,2021-12-01,1,0,2021,12,2,0.220055847733004,4.5,2.0,0.0,2,4.50069816439138,9.438220171197534,301.8015941824284,-1.034500770366649
426,57.0,2,East,1.0,Self-Employed,522773.12,83723.34,Education,748.0,1,90,14.36,2022-09-14,0,0,2022,9,2,0.1601523429513744,15.0,1.0,1.0,1,2.731766727719526,3.789459064299283,285.7713071684352,-1.4962489085288484
427,49.0,2,South,3.0,Self-Employed,569681.13,565174.36,Business,720.0,1,184,74.61,2020-10-09,0,0,2020,10,4,0.992088960362791,30.666666666666668,2.0,1.0,1,4.3255885495701785,8.637708029332781,294.60060245672696,1.3985949811528922
428,43.0,0,East,2.0,Salaried,1060725.76,231136.45,Other,624.0,2,49,43.31,2024-07-20,0,0,2024,7,5,0.2179040603294107,8.166666666666666,4.0,0.0,3,3.7912103852113983,6.5810333535091585,367.05086355788416,-0.3307468301961636
429,35.0,2,West,3.0,Self-Employed,444133.91,411734.77,Car,578.0,0,57,30.45,2016-12-22,1,0,2016,12,3,0.9270509653271015,9.5,1.0,0.0,0,3.4483989831464497,5.518151864528558,269.73457583265235,0.686890670867648
430,42.0,0,North,2.0,Unemployed,326640.85,377477.59,Home,757.0,2,145,55.49,2016-10-15,0,0,2016,10,5,1.1556349733966222,24.166666666666668,0.0,1.0,0,4.034063631337171,7.449161026585477,241.891055481271,0.5124052992696072
431,22.0,0,West,2.0,Unemployed,300802.84,434054.65,Business,751.0,2,206,44.95,2026-01-28,0,0,2026,1,2,1.4429872071686556,34.333333333333336,0.0,1.0,0,3.827553848801696,6.704476116744694,234.9199119226925,0.797070108206208
432,31.0,1,South,2.0,Unemployed,1057405.05,530961.11,Education,768.0,2,126,33.71,2021-05-26,0,0,2021,5,2,0.5021359695605766,21.0,4.0,1.0,3,3.547027829873695,5.806031346797914,366.6443714453295,1.2483149407797005
433,23.0,1,North,1.0,Salaried,967395.63,344314.09,Home,733.0,2,190,91.92,2026-03-18,1,0,2026,3,2,0.3559185914453635,31.666666666666668,4.0,1.0,3,4.531738907902208,9.587491851365508,355.29504724296197,0.33655401092236903
434,52.0,2,South,1.0,Salaried,418938.37,477524.05,Home,585.0,4,185,22.19,2021-05-26,1,0,2021,5,2,1.1398431945968568,30.833333333333332,1.0,0.0,0,3.1437211512674406,4.710626285325551,264.20885712490576,1.0045686013137272
435,40.0,0,East,3.0,Salaried,782227.29,144410.14,Car,729.0,2,227,28.05,2024-11-06,0,0,2024,11,2,0.18461403973773405,37.833333333333336,3.0,1.0,3,3.3690184832979204,5.296225070746145,329.58163046616266,-0.9514815123114344
436,32.0,1,South,3.0,Unemployed,270932.49,201427.53,Business,707.0,2,31,38.22,2017-12-02,0,0,2017,12,5,0.7434602250914979,5.166666666666667,0.0,1.0,0,3.6691868207682004,6.182232606429492,226.35771253712414,-0.5291940235012095
437,22.0,0,South,2.0,Self-Employed,619731.95,254454.22,Education,714.0,4,178,78.47,2016-06-26,1,0,2016,6,6,0.41058754514754325,29.666666666666668,2.0,1.0,2,4.375379591952088,8.858329413608415,303.51526920619204,-0.18293395889816777
438,54.0,2,North,0.0,Unemployed,697116.6,543328.97,Other,836.0,1,165,20.84,2024-11-16,0,0,2024,11,5,0.7793946808898253,27.5,3.0,1.0,2,3.083743150876704,4.565084884205331,316.4208323129173,1.3031299300916683
439,56.0,1,North,1.0,Self-Employed,556799.57,415788.02,Car,715.0,2,236,36.17,2016-08-06,0,0,2016,8,5,0.7467463022645654,39.333333333333336,2.0,1.0,1,3.615501984309161,6.014149981501958,292.22449985994854,0.7070953061022702
440,43.0,1,West,3.0,Self-Employed,593744.21,495613.27,Education,683.0,2,168,63.87,2016-06-18,0,0,2016,6,5,0.8347252262047322,28.0,2.0,0.0,1,4.172385267224964,7.991870869827665,298.947413343432,1.0883944209103744
441,64.0,1,North,2.0,Unemployed,458905.7,289336.11,Other,730.0,1,65,21.44,2016-07-01,0,0,2016,7,4,0.6304914277595592,10.833333333333334,1.0,1.0,1,3.110845080654496,4.6303347611160905,272.88005834816784,0.027235352856438785
442,35.0,1,East,2.0,Self-Employed,672488.11,288923.11,Other,743.0,3,275,76.28,2018-07-11,1,0,2018,7,2,0.4296330384190733,45.833333333333336,3.0,1.0,2,4.347435189904263,8.73384222435922,312.419176672039,0.024815978212861255
443,40.0,2,West,1.0,Unemployed,745988.75,20000.0,Business,786.0,3,91,18.07,2024-10-08,0,0,2024,10,1,0.02681005578167231,15.166666666666666,3.0,1.0,2,2.9481164196123277,4.250882261366456,324.0977273966496,-2.345752919568632
444,21.0,0,South,0.0,Self-Employed,656648.0,180646.54,Car,665.0,0,39,59.53,2020-11-19,0,0,2020,11,3,0.27510407402443926,6.5,3.0,0.0,2,4.103139109903596,7.715568676384133,309.7949332634566,-0.6759575601554452
445,47.0,2,West,2.0,Unemployed,534726.48,20000.0,Car,670.0,3,207,20.91,2020-09-22,0,0,2020,9,1,0.037402299583143894,34.5,1.0,0.0,1,3.086943153607375,4.57274534606947,288.06854759304986,-2.345752919568632
446,63.0,1,East,2.0,Unemployed,98305.33,328434.58,Car,600.0,2,294,72.07,2019-07-04,0,0,2019,7,3,3.3409641165946953,49.0,0.0,0.0,0,4.291417885803126,8.48940516172953,157.78329930510236,0.2496555205844703
447,43.0,1,West,3.0,Unemployed,485112.76,39283.25,Education,763.0,1,259,33.99,2019-09-20,0,0,2019,9,4,0.08097756488615142,43.166666666666664,1.0,1.0,1,3.5550623063795967,5.830094338859364,278.3025196773655,-2.0268490481670742
448,32.0,1,West,0.0,Salaried,687442.38,468278.68,Car,850.0,0,230,80.76,2025-11-22,1,0,2025,11,5,0.6811897165839558,38.333333333333336,3.0,1.0,2,4.403788126455394,8.98665677546439,314.86007919552424,0.9611732330019702
449,48.0,0,East,1.0,Salaried,412324.49,293285.95,Education,674.0,2,249,65.5,2024-01-27,0,0,2024,1,5,0.7112988850116567,41.5,1.0,0.0,0,4.197201947661808,8.093207028119323,262.7227502616443,0.05029562836210013
450,32.0,0,South,3.0,Self-Employed,558948.97,538475.85,Education,725.0,2,173,75.49,2017-01-20,1,0,2017,1,4,0.9633721124846155,28.833333333333332,2.0,1.0,1,4.337160013333775,8.688498144098322,292.62343626704535,1.2816883395134622
451,61.0,0,North,2.0,Unemployed,776519.73,263597.81,Education,597.0,3,30,41.45,2019-01-19,1,0,2019,1,5,0.3394605440353718,5.0,3.0,0.0,3,3.7483269127573564,6.438167441127949,328.729023904091,-0.12664926975403554
452,55.0,2,South,0.0,Unemployed,907500.14,222090.54,Home,652.0,3,183,24.11,2019-08-31,0,0,2019,8,5,0.24472783001443946,30.5,4.0,0.0,3,3.2232661731694936,4.910193478876367,347.3573774357065,-0.38988643855479344
453,58.0,0,East,1.0,Self-Employed,418803.25,788401.16,Other,605.0,3,83,48.88,2018-03-28,0,0,2018,3,2,1.882509651011543,13.833333333333334,1.0,0.0,0,3.909620120811836,6.9914233171794145,264.1786493246605,2.292810636100515
454,27.0,2,East,0.0,Unemployed,540155.79,20000.0,Education,584.0,1,188,25.34,2021-11-21,1,0,2021,11,6,0.03702635493363868,31.333333333333332,1.0,0.0,1,3.271088696315135,5.033885179461287,289.10096531403525,-2.345752919568632
455,63.0,0,South,1.0,Salaried,350795.67,309713.96,Business,647.0,1,23,72.42,2025-05-16,0,0,2025,5,4,0.8828899170847805,3.8333333333333335,0.0,0.0,0,4.2961963780686885,8.509994124557315,248.09113295671546,0.14474050641776093
456,55.0,1,West,2.0,Self-Employed,782590.55,151250.93,Other,735.0,0,197,84.11,2020-05-28,1,0,2020,5,3,0.19326955839167748,32.833333333333336,3.0,1.0,3,4.4439445374888695,9.171150418568,329.6357580395602,-0.8972694642698059
457,36.0,0,South,1.0,Unemployed,517640.22,222877.12,Other,701.0,2,175,35.19,2019-07-01,0,0,2019,7,0,0.43056376106168875,29.166666666666668,1.0,1.0,1,3.588782837575651,5.932115979985556,284.7743768576122,-0.3847014500963751
458,50.0,1,West,2.0,Salaried,135055.11,459302.43,Other,693.0,2,58,52.71,2017-04-17,0,0,2017,4,0,3.4008519188944426,9.666666666666666,0.0,0.0,0,3.983599203917368,7.260165287374662,176.70792831242784,0.9186702773824809
459,26.0,1,North,1.0,Unemployed,588534.69,175309.38,Other,767.0,3,106,37.68,2018-04-14,0,0,2018,4,5,0.2978743360055803,17.666666666666668,2.0,1.0,1,3.6553226705850936,6.138403701289122,298.0161932828813,-0.7148605364722527
460,41.0,1,South,2.0,Unemployed,708376.37,365396.31,Business,477.0,5,174,39.06,2020-10-18,1,0,2020,10,6,0.5158222739699801,29.0,3.0,0.0,2,3.6903783302376723,6.249799996799898,318.2197741678273,0.44918166949422916
461,63.0,1,South,3.0,Salaried,117155.78,430537.35,Other,656.0,0,293,60.95,2017-06-29,0,0,2017,6,3,3.6749134357690245,48.833333333333336,0.0,0.0,0,4.126327608075152,7.807048097712733,167.9751385609659,0.7798797395337899
462,54.0,0,North,3.0,Salaried,617215.5,542757.2,Other,659.0,3,229,32.48,2019-12-29,0,0,2019,12,6,0.8793641766935535,38.166666666666664,2.0,0.0,2,3.5109482456212744,5.699122739510003,303.0784572612774,1.3006082858928238
463,29.0,0,West,0.0,Unemployed,663142.21,507679.81,Business,715.0,4,243,28.74,2017-07-24,0,0,2017,7,0,0.7655670267166375,40.5,3.0,1.0,2,3.392492941032009,5.360970061472083,310.8757524074716,1.1435464998989817
464,23.0,2,East,0.0,Self-Employed,875330.74,374863.47,Education,725.0,2,290,63.15,2026-04-13,0,0,2026,4,0,0.428253519349726,48.333333333333336,4.0,1.0,3,4.161224091061645,7.94669742723353,342.952976009148,0.4988032900599864
465,40.0,1,South,0.0,Salaried,470704.23,217775.05,Business,636.0,2,27,81.33,2023-05-14,1,0,2023,5,6,0.4626579412723782,4.5,1.0,0.0,1,4.410735561310335,9.018314698434514,275.3455080562826,-0.4184817722849136
466,33.0,0,North,0.0,Salaried,566036.32,265277.25,Business,679.0,0,155,58.78,2022-12-05,0,0,2022,12,0,0.46865764726899506,25.833333333333332,2.0,0.0,1,4.090671156855792,7.666811592833099,293.93185922248466,-0.11640739648258813
467,46.0,1,East,3.0,Salaried,471247.93,251646.22,Car,468.0,2,31,93.64,2019-06-01,1,0,2019,6,5,0.5339996294519532,5.166666666666667,1.0,0.0,1,4.550080219670131,9.676776322722356,275.45814884654425,-0.2004011392797838
468,63.0,2,West,2.0,Self-Employed,937875.73,417748.59,Business,769.0,1,153,68.17,2022-08-22,0,0,2022,8,0,0.4454199811738385,25.5,4.0,1.0,3,4.236567242612494,8.256512580987206,351.4240656378807,0.716836512674033
469,29.0,0,West,0.0,Unemployed,534364.92,224795.19,Other,603.0,0,75,44.92,2019-04-08,0,0,2019,4,0,0.42067729670577925,12.5,1.0,0.0,1,3.826900752011311,6.702238432046416,287.9995533916238,-0.37209233121943047
470,59.0,1,East,0.0,Salaried,725611.82,245803.42,Other,674.0,1,25,71.94,2025-06-18,0,0,2025,6,2,0.3387533295695211,4.166666666666667,3.0,0.0,2,4.289637185380534,8.48174510345601,320.9378170259254,-0.2370300602421991
471,31.0,0,South,1.0,Salaried,251542.24,215080.71,Home,729.0,3,133,63.36,2022-04-09,0,0,2022,4,5,0.8550480825804843,22.166666666666668,0.0,1.0,0,4.1644923221241825,7.95989949685296,220.46613545440627,-0.4364645595097239
472,39.0,0,West,3.0,Unemployed,860047.14,230661.41,Business,752.0,5,233,25.38,2025-04-13,1,0,2025,4,6,0.26819624096418715,38.833333333333336,4.0,1.0,3,3.2726061472891685,5.037856687123999,340.82357234026676,-0.3338262800501544
473,55.0,1,South,3.0,Self-Employed,905205.32,168483.93,Car,816.0,3,118,21.9,2025-10-27,0,0,2025,10,0,0.18612786102494405,19.666666666666668,4.0,1.0,3,3.131136910560194,4.679743582719036,347.0465773341168,-0.7653978597753811
474,28.0,0,South,0.0,Salaried,163090.87,595271.45,Business,643.0,2,47,67.41,2020-08-29,0,0,2020,8,5,3.6499373018244365,7.833333333333333,0.0,0.0,0,4.2255190127729065,8.210359310042405,188.9863262393699,1.527439293922917
475,59.0,2,North,1.0,Salaried,942024.62,124688.85,Home,469.0,2,244,65.75,2023-01-21,1,0,2023,1,5,0.13236262338876026,40.666666666666664,4.0,0.0,3,4.200954297280359,8.108637370113428,351.9728482342121,-1.1146239023185378
476,40.0,1,North,3.0,Unemployed,469649.73,614376.53,Home,807.0,2,189,50.21,2024-08-31,0,0,2024,8,5,1.3081590188500696,31.5,1.0,1.0,1,3.935934825474459,7.08590149522275,275.12680145796315,1.607708169640522
477,40.0,1,North,3.0,Self-Employed,339384.6,483963.32,Car,636.0,1,96,47.45,2022-11-07,0,0,2022,11,0,1.4260025941070986,16.0,0.0,0.0,0,3.880532338336775,6.88839603971781,245.19787851389583,1.0345696317617863
478,58.0,2,South,0.0,Salaried,980745.14,220281.82,Other,554.0,2,153,87.18,2018-04-25,1,0,2018,4,2,0.2246065884150086,25.5,4.0,0.0,3,4.479380179929792,9.33702308018996,357.02041533990524,-0.401840653929338
479,44.0,0,South,2.0,Unemployed,532198.7,208301.58,Other,626.0,0,260,40.74,2023-03-29,0,0,2023,3,2,0.3913981375753079,43.333333333333336,1.0,0.0,1,3.7314599016490546,6.382789358893179,287.5855511956153,-0.48216467880919095
480,45.0,2,East,1.0,Self-Employed,628237.01,443757.87,Car,684.0,1,145,59.05,2022-01-07,0,0,2022,1,4,0.7063542308658319,24.166666666666668,2.0,0.0,2,4.095177548525992,7.684399781375251,304.9831314164121,0.8441709130028716
481,54.0,2,South,3.0,Self-Employed,854897.95,78457.9,Education,715.0,1,61,25.37,2019-05-07,0,0,2019,5,1,0.09177457964427216,10.166666666666666,4.0,1.0,3,3.2722270003651954,5.036864103785211,340.1006261120777,-1.5509387742424514
482,52.0,1,South,3.0,Unemployed,905282.77,377613.27,Business,634.0,2,40,46.25,2025-06-23,0,0,2025,6,0,0.4171219010387219,6.666666666666667,4.0,0.0,3,3.855452653939752,6.800735254367722,347.0570751509197,0.5131101208453082
483,60.0,1,East,3.0,Unemployed,502820.88,359909.81,Education,753.0,2,34,42.93,2019-08-27,0,0,2019,8,1,0.7157813533916889,5.666666666666667,1.0,1.0,1,3.782597457987688,6.552098900352466,281.8595964156594,0.42015927068144715
484,25.0,2,West,3.0,Salaried,787341.49,460256.9,Education,728.0,1,118,57.38,2023-10-16,0,0,2023,10,0,0.5845708702585964,19.666666666666668,3.0,1.0,3,4.0669733654259685,7.57495874576225,330.34217494789533,0.9232074054037128
485,31.0,0,South,3.0,Salaried,1175909.69,78083.37,Car,780.0,5,275,86.28,2019-04-10,1,0,2019,4,2,0.06640252279917856,45.833333333333336,4.0,1.0,3,4.469121341524815,9.288702815786497,380.66740761384017,-1.5548909152960606
486,22.0,0,South,3.0,Salaried,886610.22,228920.27,Other,650.0,3,92,74.6,2016-12-14,0,0,2016,12,2,0.25819719289949083,15.333333333333334,4.0,0.0,3,4.3254562831854875,8.637129152675673,344.50906612573243,-0.3451377288713195
487,25.0,0,West,1.0,Self-Employed,718817.87,329804.43,Car,777.0,0,176,35.79,2024-11-27,0,0,2024,11,2,0.4588150124870991,29.333333333333332,3.0,1.0,2,3.605226069116683,5.98247440445841,319.8714649946525,0.2572253632401977
488,59.0,0,South,2.0,Unemployed,720149.68,414017.76,Home,764.0,2,149,92.04,2018-02-12,1,0,2018,2,0,0.5749051502737598,24.833333333333332,3.0,1.0,2,4.533029508210409,9.593747964169166,320.0810148144144,0.6982818778908735
489,39.0,0,East,0.0,Unemployed,947290.76,421663.25,Car,600.0,1,233,44.45,2020-02-22,0,0,2020,2,5,0.44512547551925874,38.833333333333336,4.0,0.0,3,3.816612820623488,6.6670833203133135,352.6671563217111,0.7362253309068458
490,58.0,1,East,3.0,Unemployed,506258.98,423218.16,Other,683.0,4,289,25.54,2016-10-26,0,0,2016,10,2,0.8359716601965262,48.166666666666664,1.0,0.0,1,3.2786530289040616,5.053711507397311,282.5407465982695,0.7439040941885203
491,62.0,2,North,0.0,Salaried,552460.51,308511.39,Other,692.0,2,99,78.75,2021-06-17,1,0,2021,6,3,0.558431570068239,16.5,2.0,0.0,1,4.378896741664954,8.874119674649425,291.4160972608088,0.13790467465854056
492,45.0,2,South,3.0,Salaried,627580.28,417018.9,Education,686.0,4,153,68.02,2022-06-23,0,0,2022,6,3,0.66448694022062,25.5,2.0,0.0,2,4.234396317669857,8.247423840206103,304.87024978797706,0.7132134158732023
493,34.0,0,North,1.0,Salaried,638255.65,239521.61,Home,619.0,1,94,83.22,2018-02-10,1,0,2018,2,5,0.3752753461720237,15.666666666666666,2.0,0.0,2,4.433432422733782,9.122499657440388,306.6957589677905,-0.27685140016074206
494,27.0,2,West,1.0,Unemployed,402790.86,175217.81,Other,671.0,3,131,36.6,2019-02-22,0,0,2019,2,4,0.435009399170577,21.833333333333332,0.0,0.0,0,3.6270040503958487,6.04979338490167,260.5531008214992,-0.7155326170077322
495,21.0,2,South,3.0,Salaried,700479.74,191705.5,Other,747.0,2,123,83.07,2023-03-22,1,0,2023,3,2,0.2736774371233064,20.5,3.0,1.0,2,4.431649785147205,9.114274518577988,316.9601155134419,-0.5969607610840331
496,57.0,0,East,3.0,Self-Employed,887804.91,478756.12,Other,673.0,1,197,44.15,2018-12-30,0,0,2018,12,6,0.539258247625596,32.833333333333336,4.0,0.0,3,3.8099902798629945,6.644546636152086,344.67312822998167,1.0103229356701635
497,51.0,2,East,2.0,Self-Employed,1221297.48,339716.3,Education,782.0,2,135,49.85,2019-09-26,0,0,2019,9,3,0.27816015799852467,22.5,4.0,1.0,3,3.928880122494569,7.060453243241541,385.79465655861947,0.31158236960234975
498,35.0,2,West,3.0,Salaried,562071.39,235109.83,Business,616.0,1,225,37.72,2020-03-17,0,0,2020,3,1,0.41829175827647086,37.5,2.0,0.0,1,3.656356262408376,6.141661013113635,293.20119799158755,-0.30510014381376754
499,50.0,0,South,2.0,Self-Employed,618181.16,328094.33,Business,569.0,2,208,21.84,2024-06-27,1,0,2024,6,3,0.5307413930246596,34.666666666666664,2.0,0.0,2,3.1285133847878095,4.673328578219169,303.24621553257566,0.2477730828763414
500,43.0,1,South,1.0,Self-Employed,593744.21,286713.15,Education,683.0,0,98,40.36,2020-05-23,0,0,2020,5,5,0.48289001420325434,16.333333333333332,2.0,0.0,1,3.7223142302001735,6.352952069707436,298.947413343432,0.011843366502435768
501,45.0,2,West,2.0,Salaried,80000.0,441381.78,Car,681.0,1,228,48.36,2021-12-31,0,0,2021,12,4,5.51727225,38.0,0.0,0.0,0,3.8991403795971324,6.954135460285484,146.58605265628162,0.8326802793503459
502,63.0,0,South,3.0,Unemployed,861962.78,66985.83,Car,819.0,2,291,82.53,2025-06-06,1,0,2025,6,4,0.07771313513096238,48.5,4.0,1.0,3,4.425205848767815,9.084602357836033,341.0918107937797,-1.676156187169403
503,61.0,0,East,2.0,Self-Employed,186157.78,257174.45,Business,686.0,3,167,10.14,2018-09-09,0,0,2018,9,6,1.3814864466045953,27.833333333333332,0.0,0.0,0,2.410542234499138,3.184336665618132,198.09504014932944,-0.1660953504269808
504,42.0,0,South,2.0,Salaried,1012809.14,180459.11,Car,850.0,1,119,53.6,2019-10-08,0,0,2019,10,1,0.17817681819103645,19.833333333333332,4.0,1.0,3,4.000033882750859,7.321202087089251,361.1031599583678,-0.6773149091903992
505,47.0,2,West,1.0,Unemployed,421329.83,378191.99,Home,705.0,1,279,30.58,2018-08-20,0,0,2018,8,0,0.8976150347579235,46.5,1.0,1.0,0,3.452524008827496,5.529918625079396,264.742454878977,0.516115137608124
506,36.0,2,North,0.0,Unemployed,642014.95,514328.66,Home,562.0,1,247,88.02,2021-12-24,1,0,2021,12,4,0.8011163291446718,41.166666666666664,3.0,0.0,2,4.488861063587708,9.381897462667133,307.33388385997443,1.1736838933249332
507,57.0,1,West,1.0,Unemployed,790667.39,177781.56,Car,743.0,0,201,39.01,2023-10-26,0,0,2023,10,3,0.22484999665915145,33.5,3.0,1.0,3,3.6891294228691436,6.245798587850876,330.8350572988378,-0.6967752626851171
508,38.0,1,South,0.0,Salaried,1218546.0,1776421.28,Other,725.0,3,215,94.05,2018-02-15,1,0,2018,2,3,1.4578204515873836,35.833333333333336,4.0,1.0,3,4.554403068934438,9.697937925146768,385.4873919866088,5.302905050585931
509,40.0,0,East,0.0,Unemployed,662068.48,56160.1,Other,703.0,1,203,79.6,2017-09-18,1,0,2017,9,0,0.08482521324682304,33.833333333333336,3.0,1.0,2,4.389498649512583,8.921883209278185,310.6975292500636,-1.8035367793448207
510,55.0,0,West,0.0,Salaried,459326.99,140431.56,Other,616.0,1,102,46.39,2023-11-17,0,0,2023,11,4,0.3057333077683939,17.0,1.0,0.0,1,3.858411235979497,6.811020481543129,272.9687963308891,-0.9835437335216868
511,42.0,2,West,0.0,Salaried,375308.19,20000.0,Other,701.0,4,226,76.57,2018-06-18,1,0,2018,6,0,0.05328953785953885,37.666666666666664,0.0,1.0,0,4.3511807545027805,8.750428560933459,254.10573125360094,-2.345752919568632
512,41.0,2,East,2.0,Salaried,1022900.54,152430.91,Other,759.0,1,133,26.16,2024-06-06,0,0,2024,6,3,0.14901831022593848,22.166666666666668,4.0,1.0,3,3.3017453026904953,5.1146847410177685,362.37071492673607,-0.8880309107660428
513,63.0,2,West,1.0,Salaried,398818.86,312761.85,Home,663.0,1,84,81.1,2025-12-14,1,0,2025,12,6,0.7842203099422128,14.0,0.0,0.0,0,4.407938016458383,9.00555384193554,259.6393170885501,0.16201244288047492
514,43.0,2,South,1.0,Self-Employed,593744.21,308028.42,Other,683.0,5,21,24.24,2016-12-26,1,0,2016,12,0,0.5187897663877851,3.5,2.0,0.0,1,3.228430037673012,4.923413450036469,298.947413343432,0.1351559260290303
515,26.0,2,East,2.0,Self-Employed,961466.16,302447.34,Business,743.0,1,217,77.42,2026-02-03,1,0,2026,2,1,0.3145688871670741,36.166666666666664,4.0,1.0,3,4.362078996864185,8.798863562983575,354.52372826366746,0.10325006782865255
516,47.0,1,East,3.0,Self-Employed,925131.71,224474.38,Other,672.0,3,55,25.22,2020-02-23,0,0,2020,2,6,0.24264045602760714,9.166666666666666,4.0,0.0,3,3.2665224783355535,5.021951811795888,349.72846473044035,-0.3741979060979404
517,61.0,1,South,2.0,Unemployed,500025.23,340394.21,Home,676.0,3,53,48.27,2017-03-18,0,0,2017,3,5,0.6807540691496707,8.833333333333334,1.0,0.0,1,3.8973153765558717,6.9476614770727,281.30349450943794,0.31527377753844027
518,52.0,2,North,0.0,Self-Employed,645625.26,477283.66,Business,718.0,0,20,57.76,2019-06-12,0,0,2019,6,2,0.7392580333675296,3.3333333333333335,3.0,1.0,2,4.073461351305676,7.6,307.9444384638169,1.0034450900049907
519,62.0,0,West,0.0,Unemployed,646982.91,400845.18,Home,722.0,1,116,26.72,2016-06-14,0,0,2016,6,1,0.6195606928782709,19.333333333333332,3.0,1.0,2,3.3221541743217022,5.169139193328034,308.1734626749096,0.6321599918515677
520,22.0,2,South,0.0,Self-Employed,831102.55,408229.35,Business,688.0,4,206,78.08,2019-03-12,1,0,2019,3,1,0.49119010644354294,34.333333333333336,4.0,0.0,3,4.370459998302416,8.836288813749809,336.7225064390606,0.6693445034063553
521,57.0,2,East,0.0,Unemployed,683253.01,20000.0,Home,574.0,1,222,14.74,2017-04-06,1,0,2017,4,3,0.029271733468104296,37.0,3.0,0.0,2,2.756205242989257,3.8392707640904935,314.17977708366743,-2.345752919568632
522,43.0,1,South,3.0,Self-Employed,593744.21,194724.88,Home,683.0,1,139,56.24,2023-05-23,0,0,2023,5,1,0.3279608907680969,23.166666666666668,2.0,0.0,1,4.0472529546882505,7.49933330370107,298.947413343432,-0.5757520152136055
523,38.0,1,East,0.0,Salaried,334676.62,293180.25,Education,717.0,2,222,30.42,2024-03-08,0,0,2024,3,4,0.8760105501244754,37.0,0.0,1.0,0,3.4474446328274753,5.5154328932550705,243.98576953837343,0.049680350255807824
524,38.0,1,South,1.0,Unemployed,546631.97,320983.08,Business,759.0,1,231,87.9,2023-01-27,1,0,2023,1,4,0.5872014401206721,38.5,2.0,1.0,1,4.487512142519859,9.375499986667378,290.3236773857716,0.20822669371608862
525,35.0,1,East,1.0,Unemployed,652126.21,276057.63,Car,850.0,1,224,31.85,2025-01-09,0,0,2025,1,3,0.4233193295512536,37.333333333333336,3.0,1.0,2,3.4919517449306197,5.643580423808985,309.038274932721,-0.05134763078640836
526,46.0,2,West,2.0,Self-Employed,616173.61,361245.67,Car,655.0,0,45,46.02,2022-04-24,0,0,2022,4,6,0.5862725441941599,7.5,2.0,0.0,2,3.8505730431119236,6.783804242458652,302.8972647646505,0.4272439287188973
527,63.0,2,North,2.0,Salaried,782189.82,90375.4,Home,645.0,3,203,39.06,2017-03-01,0,0,2017,3,2,0.11554151906502695,33.833333333333336,3.0,0.0,3,3.6903783302376723,6.249799996799898,329.57604631849694,-1.4293255223282755
528,43.0,0,South,0.0,Self-Employed,593744.21,375990.6,Other,683.0,4,208,73.31,2025-07-07,0,0,2025,7,0,0.6332535015373034,34.666666666666664,2.0,0.0,1,4.308245532169378,8.562125904236634,298.947413343432,0.5046732897252363
529,46.0,2,West,2.0,Salaried,568893.17,214645.9,Education,635.0,3,252,28.63,2025-01-28,0,0,2025,1,1,0.37730440673070476,42.0,2.0,0.0,1,3.388787361585474,5.350700888668698,294.45626486783345,-0.43937609107693587
530,31.0,0,West,1.0,Self-Employed,1084997.1,201839.72,Other,605.0,2,87,70.79,2024-04-04,0,0,2024,4,3,0.18602788892246808,14.5,4.0,0.0,3,4.273745190588392,8.413679337840254,369.9971492553208,-0.5263538173834739
531,43.0,0,West,1.0,Unemployed,906787.92,368154.56,Other,850.0,3,85,11.88,2023-08-26,0,0,2023,8,5,0.4059985271969657,14.166666666666666,4.0,1.0,3,2.5556757206762075,3.4467375879228173,347.2609722307905,0.4636980583657458
532,32.0,2,West,0.0,Unemployed,770524.06,412902.35,Education,585.0,2,206,89.79,2023-06-13,1,0,2023,6,1,0.5358721050190177,34.333333333333336,3.0,0.0,3,4.508549147383666,9.475758544834287,327.8289849350597,0.6927199722578236
533,50.0,1,North,0.0,Self-Employed,795871.58,366393.63,Car,542.0,3,37,37.87,2022-07-19,1,0,2022,7,1,0.4603677769220004,6.166666666666667,4.0,0.0,3,3.660222744864132,6.153860576906174,331.6035989912859,0.454436140895514
534,27.0,0,South,3.0,Self-Employed,415166.8,146558.17,Education,633.0,2,72,17.49,2019-06-21,0,0,2019,6,4,0.35301033223273154,12.0,1.0,0.0,0,2.9172300453990334,4.182104733265296,263.36328630499673,-0.9343365450206634
535,28.0,1,North,0.0,Self-Employed,517763.98,353895.39,Business,583.0,3,36,54.04,2018-02-06,1,0,2018,2,1,0.6835071647896404,6.0,1.0,0.0,1,4.008060193625088,7.351190379795642,284.79848931116135,0.38811438176990937
536,30.0,0,East,0.0,Salaried,537104.79,394522.32,Home,529.0,6,257,55.24,2016-08-18,1,0,2016,8,3,0.7345350988212188,42.833333333333336,1.0,0.0,1,4.029628247502409,7.432361670424819,288.52163215108334,0.6000740186508475
537,24.0,1,West,3.0,Unemployed,447943.37,354467.34,Other,704.0,2,125,70.5,2021-03-24,0,0,2021,3,2,0.7913217690888025,20.833333333333332,1.0,1.0,1,4.269697449699962,8.396427811873332,270.55217887435464,0.39117223653920047
538,31.0,2,West,0.0,Salaried,127587.68,150120.04,Home,697.0,0,281,26.32,2024-10-02,0,0,2024,10,2,1.17660294473573,46.833333333333336,0.0,0.0,0,3.307619034702589,5.130302135352264,173.16200265350219,-0.9061541847533202
539,56.0,0,North,2.0,Self-Employed,940640.71,546092.18,Home,850.0,2,231,31.89,2016-07-01,0,0,2016,7,4,0.5805534187436987,38.5,4.0,1.0,3,3.4931686602009657,5.6471231613982,351.7899702376922,1.3152995474357714
540,50.0,0,West,3.0,Salaried,319126.49,280967.89,Other,613.0,2,168,21.63,2017-02-19,0,0,2017,2,6,0.8804279770068603,28.0,0.0,0.0,0,3.119276459645446,4.6508063816933936,239.90176397961088,-0.02209405834414935
541,58.0,1,South,3.0,Salaried,83729.24,304268.64,Car,513.0,1,164,63.0,2021-05-11,1,0,2021,5,1,3.6339591760297836,27.333333333333332,0.0,0.0,0,4.1588830833596715,7.937253933193772,148.99276158476815,0.11369098226282336
542,52.0,0,East,2.0,Self-Employed,519925.55,170475.96,Car,677.0,3,37,16.37,2020-05-01,0,0,2020,5,4,0.3278853289668107,6.166666666666667,1.0,0.0,1,2.854744580253014,4.045985664828782,285.21903094720864,-0.7505545994067128
543,53.0,1,South,3.0,Self-Employed,779448.37,219686.72,Business,693.0,3,83,56.54,2020-09-17,0,0,2020,9,3,0.28184896967582346,13.833333333333334,3.0,0.0,3,4.052480358123402,7.5193084788429845,329.1670163377572,-0.4057834540878311
544,44.0,0,West,0.0,Self-Employed,589565.72,227874.93,Education,735.0,1,265,65.57,2022-04-12,0,0,2022,4,1,0.3865131948309342,44.166666666666664,2.0,1.0,1,4.198254025612612,8.097530487747484,298.20091710354006,-0.3519474799669839
545,39.0,1,West,1.0,Self-Employed,823062.43,340769.35,Home,639.0,4,108,34.24,2018-04-20,0,0,2018,4,4,0.41402612679089235,18.0,4.0,0.0,3,3.562181801067979,5.851495535331118,335.5669087117252,0.3173150957792584
546,44.0,1,East,0.0,Self-Employed,247108.46,128649.05,Education,760.0,1,227,37.03,2017-05-06,0,0,2017,5,5,0.5206177481742228,37.833333333333336,0.0,1.0,0,3.638375321940168,6.085228015448559,219.0778372036289,-1.0809796215976226
547,32.0,2,West,2.0,Self-Employed,362466.06,270197.23,Education,694.0,1,278,82.42,2024-05-24,1,0,2024,5,4,0.7454414628503424,46.333333333333336,0.0,0.0,0,4.423888088768799,9.078546139112804,250.98760008396536,-0.08657033167993511
548,43.0,0,South,2.0,Self-Employed,282724.99,335923.42,Other,711.0,3,107,39.4,2025-07-22,0,0,2025,7,1,1.188163168738639,17.833333333333332,0.0,1.0,0,3.6988297849671046,6.276941930590086,229.80783831542377,0.2908675762453296
549,27.0,2,South,3.0,Self-Employed,965548.98,367295.36,Car,756.0,3,197,81.82,2019-01-19,1,0,2019,1,5,0.3804005468474525,32.833333333333336,4.0,1.0,3,4.416669578117421,9.045440840556086,355.055160753283,0.4591814451366814
550,43.0,0,East,2.0,Self-Employed,593744.21,414554.66,Business,683.0,1,217,50.3,2021-03-14,0,0,2021,3,6,0.698204130697965,36.166666666666664,2.0,0.0,1,3.937690752176724,7.092249290598858,298.947413343432,0.7009566819149643
551,50.0,2,South,2.0,Self-Employed,678638.04,320796.88,Education,678.0,1,170,90.93,2022-08-07,1,0,2022,8,6,0.472706893943051,28.333333333333332,3.0,0.0,2,4.521027417875663,9.535722311393092,313.4272201532356,0.2071859436108461
552,53.0,0,East,0.0,Unemployed,631500.13,238892.79,Car,797.0,1,109,79.42,2017-12-04,1,0,2017,12,0,0.378294126400259,18.166666666666668,2.0,1.0,2,4.387262901469128,8.911789943664516,305.542877546828,-0.2808633436423045
553,62.0,2,South,0.0,Unemployed,619939.13,171115.03,Business,663.0,1,245,73.87,2018-12-09,0,0,2018,12,6,0.2760190827122011,40.833333333333336,2.0,0.0,2,4.315753276242594,8.594765849050223,303.5511806987509,-0.7458092527398037
554,61.0,2,South,3.0,Self-Employed,790080.47,504970.93,Home,675.0,0,200,38.23,2018-11-09,0,0,2018,11,4,0.6391386057169595,33.333333333333336,3.0,0.0,3,3.6694417602214613,6.183041322844284,330.7481765401378,1.131216971043624
555,36.0,0,West,1.0,Unemployed,748872.72,211515.79,Education,669.0,1,23,88.07,2019-10-06,1,0,2019,10,6,0.28244558033840517,3.8333333333333335,3.0,0.0,2,4.489422577443778,9.384561790515313,324.54040706380465,-0.4604145303724002
556,54.0,1,East,1.0,Unemployed,618069.74,481823.8,Business,640.0,2,82,65.55,2025-05-25,0,0,2025,5,6,0.7795621898590279,13.666666666666666,2.0,0.0,2,4.197953544841121,8.096295449154509,303.22686789785655,1.0246215070793059
557,21.0,0,North,3.0,Unemployed,452961.41,512735.82,Business,593.0,2,88,34.59,2016-06-08,1,0,2016,6,2,1.1319635816216662,14.666666666666666,1.0,0.0,1,3.5720646995221013,5.881326381013046,271.62231095374915,1.1664800520644463
558,59.0,2,West,3.0,Unemployed,1129186.71,231780.79,Home,596.0,1,193,85.17,2016-10-11,1,0,2016,10,1,0.2052634767548761,32.166666666666664,4.0,0.0,3,4.4563220892516755,9.22875939658197,375.2532698098588,-0.32657444367897753
559,60.0,0,North,0.0,Salaried,759038.87,56469.99,Education,689.0,0,258,41.3,2018-02-22,0,0,2018,2,3,0.07439670382097822,43.0,3.0,0.0,2,3.744787086052232,6.4265076052238514,326.0921057846141,-1.7997440927123485
560,50.0,1,North,3.0,Self-Employed,583260.02,322533.5,Business,523.0,3,46,48.84,2025-03-01,1,0,2025,3,5,0.5529840704665476,7.666666666666667,2.0,0.0,1,3.908817874479198,6.988562083862459,297.0678581269265,0.21688210773429054
561,51.0,1,North,0.0,Self-Employed,697093.93,285776.37,Car,638.0,2,215,84.61,2025-03-21,1,0,2025,3,4,0.40995389244029135,35.833333333333336,3.0,0.0,2,4.449802098754394,9.198369420718,316.41719142742863,0.006330820267846517
562,57.0,2,South,3.0,Self-Employed,660882.55,217855.52,Business,644.0,0,170,92.61,2017-09-30,1,0,2017,9,5,0.3296433231593117,28.333333333333332,3.0,0.0,2,4.539137215383653,9.623408959407264,310.50046430687337,-0.41794623849153545
563,27.0,0,South,2.0,Salaried,617831.08,20000.0,Business,715.0,1,38,50.09,2017-04-09,0,0,2017,4,6,0.03237130770436476,6.333333333333333,2.0,1.0,2,3.9335887833427066,7.077428911688199,303.1854179267813,-2.345752919568632
564,59.0,1,East,3.0,Salaried,849087.75,471244.33,Home,644.0,0,61,37.98,2023-05-16,0,0,2023,5,1,0.5550007405006138,10.166666666666666,4.0,0.0,3,3.6630486940794147,6.162791575252241,339.2814707454573,0.9751349224695357
565,51.0,2,South,2.0,Self-Employed,575277.14,446351.75,Education,602.0,1,284,14.0,2018-12-11,0,0,2018,12,1,0.7758899475824818,47.333333333333336,2.0,0.0,1,2.70805020110221,3.7416573867739413,295.62196237735384,0.8566831747015032
566,53.0,0,South,3.0,Self-Employed,845579.87,401311.37,Business,669.0,1,180,19.51,2022-06-29,0,0,2022,6,2,0.4745990109721983,30.0,4.0,0.0,3,3.0209125720842893,4.4170125650715555,338.7851462770425,0.6345166636734859
567,40.0,1,West,3.0,Self-Employed,948041.0,348940.47,Home,751.0,3,257,53.26,2017-04-01,0,0,2017,4,5,0.36806474614494517,42.833333333333336,4.0,1.0,3,3.9937873072307855,7.297944916207576,352.76586671087784,0.36152979645518424
568,39.0,0,North,0.0,Salaried,605292.04,445916.16,Education,689.0,1,217,90.93,2025-04-21,1,0,2025,4,0,0.7366958931097127,36.166666666666664,2.0,0.0,2,4.521027417875663,9.535722311393092,300.99287679271265,0.8545842844134374
569,43.0,2,North,1.0,Unemployed,627633.83,206052.71,Car,719.0,1,128,83.92,2024-09-24,1,0,2024,9,1,0.32830083426191353,21.333333333333332,2.0,1.0,2,4.441709636835055,9.16078599247903,304.8794570678484,-0.497472487211503
570,62.0,2,South,1.0,Self-Employed,80000.0,80856.11,Other,628.0,4,137,23.72,2021-02-11,0,0,2021,2,3,1.010701375,22.833333333333332,0.0,0.0,0,3.20761263258949,4.870318264754368,146.58605265628162,-1.5258309409727975
571,24.0,0,West,1.0,Self-Employed,607731.35,235327.97,Car,767.0,3,58,44.48,2019-09-25,0,0,2019,9,2,0.3872236803317782,9.666666666666666,2.0,1.0,2,3.8172726688823353,6.669332800213226,301.42170255418426,-0.3036978066074318
572,62.0,1,West,3.0,Salaried,807320.98,676730.94,Other,676.0,1,33,35.11,2020-04-22,0,0,2020,4,2,0.8382427271987902,5.5,4.0,0.0,3,3.5865698352893665,5.92536918681022,333.28300403375806,1.8621663945088842
573,42.0,1,West,3.0,Self-Employed,921656.45,208502.31,Home,648.0,2,207,77.49,2021-10-30,1,0,2021,10,5,0.22622562886637423,34.5,4.0,0.0,3,4.362971228138722,8.802840450672726,349.2634497032098,-0.48080195888031646
574,52.0,2,South,1.0,Self-Employed,317274.93,210018.87,Home,767.0,1,128,52.88,2026-04-03,0,0,2026,4,4,0.6619459974350952,21.333333333333332,0.0,1.0,0,3.986759351542163,7.271863585079137,239.40693589532452,-0.4705253393146804
575,51.0,2,North,1.0,Self-Employed,641073.69,629433.47,Education,719.0,2,101,83.78,2017-05-13,1,0,2017,5,5,0.9818426178120023,16.833333333333332,3.0,1.0,2,4.440059665924491,9.153141537199128,307.17433722848824,1.6701797768402216
576,29.0,1,West,0.0,Self-Employed,585620.56,174590.68,Business,793.0,0,57,32.31,2017-05-04,0,0,2017,5,3,0.298129355294493,9.5,2.0,1.0,1,3.5058576522055884,5.684188596448926,297.49294612832216,-0.7201397133060029
577,51.0,2,East,3.0,Unemployed,504750.9,381941.04,Business,619.0,3,254,24.71,2017-12-01,0,0,2017,12,4,0.7566921425994485,42.333333333333336,1.0,0.0,1,3.246880021277798,4.970915408654627,282.2423394852652,0.5355322181622991
578,45.0,2,North,2.0,Self-Employed,288434.0,440936.91,Business,607.0,0,87,79.85,2019-12-29,1,0,2019,12,6,1.5287272304929376,14.5,0.0,0.0,0,4.392595586023115,8.935882720806042,231.44460271780756,0.8305258201855267
579,35.0,2,South,2.0,Unemployed,260356.5,138039.55,Other,518.0,1,165,76.25,2023-11-02,1,0,2023,11,3,0.5301943681068073,27.5,0.0,0.0,0,4.347046915777855,8.73212459828649,223.17955545586986,-1.003017372753589
580,59.0,1,South,2.0,Salaried,574679.82,343448.05,Car,683.0,2,271,42.38,2019-11-09,0,0,2019,11,5,0.5976337397753065,45.166666666666664,2.0,0.0,1,3.7699985053987284,6.509992319503918,295.5132504821293,0.33186188526275756
581,52.0,0,North,1.0,Self-Employed,485591.69,327853.29,Car,800.0,2,197,45.48,2021-12-25,0,0,2021,12,5,0.675162480642945,32.833333333333336,1.0,1.0,1,3.8390221125436557,6.743886120034946,278.3998233673997,0.246438993718157
582,27.0,2,West,3.0,Unemployed,751401.56,233636.55,Car,652.0,1,112,39.56,2023-08-10,0,0,2023,8,3,0.3109343424839309,18.666666666666668,3.0,0.0,2,3.702782359282928,6.289674077406556,324.9276654703062,-0.3145866749199744
583,44.0,2,West,3.0,Salaried,734913.65,247273.23,Business,700.0,3,224,41.17,2024-09-20,0,0,2024,9,4,0.33646569226194123,37.333333333333336,3.0,0.0,2,3.7417090677584683,6.416385275215322,322.3873330628606,-0.22777913223379245
584,60.0,2,South,1.0,Self-Employed,478112.03,84971.1,Education,511.0,2,75,53.0,2024-07-04,1,0,2024,7,3,0.17772215436620575,12.5,1.0,0.0,1,3.9889840465642745,7.280109889280518,276.87301356646503,-1.4835181492279281
585,43.0,1,South,2.0,Self-Employed,593744.21,244482.87,Other,683.0,3,190,83.63,2025-03-15,1,0,2025,3,5,0.41176463851327494,31.666666666666668,2.0,0.0,1,4.438288813682014,9.144943958275523,298.947413343432,-0.24536282162616002
586,59.0,1,East,0.0,Self-Employed,434992.01,440560.03,Car,632.0,1,235,87.33,2020-10-04,1,0,2020,10,6,1.0128002810902206,39.166666666666664,1.0,0.0,0,4.4810798007570405,9.345052166788584,267.7537482535541,0.8286998634025654
587,27.0,1,West,3.0,Self-Employed,870980.24,540613.69,Business,713.0,1,24,54.05,2021-01-26,0,0,2021,1,1,0.6206957002836252,4.0,4.0,1.0,3,4.008241863168689,7.351870510285121,342.3493125249702,1.2911442199291883
588,22.0,0,West,3.0,Salaried,989220.46,327619.92,Home,577.0,2,256,51.82,2023-12-24,1,0,2023,12,6,0.33118999580740577,42.666666666666664,4.0,0.0,3,3.9668899068689862,7.198610977126073,358.1079138497002,0.2451469349102133
589,58.0,2,North,1.0,Self-Employed,487554.6,322999.3,Home,835.0,2,110,62.79,2026-04-08,0,0,2026,4,2,0.6624884679582553,18.333333333333332,1.0,1.0,1,4.1555964382538635,7.924014134263013,278.79797587938043,0.21947883196798518
590,28.0,0,South,2.0,Salaried,115801.18,388716.32,Business,734.0,0,271,13.29,2018-02-18,0,0,2018,2,6,3.3567561228650695,45.166666666666664,0.0,1.0,0,2.659559991941776,3.645545226711637,167.27990168094695,0.5704063050068684
591,57.0,2,West,0.0,Unemployed,1064744.42,447326.85,Home,817.0,0,185,17.25,2021-08-29,0,0,2021,8,6,0.4201260336259851,30.833333333333332,4.0,1.0,3,2.9041650800285006,4.153311931459037,367.5416890063733,0.8613783523890188
592,43.0,0,East,0.0,Unemployed,80000.0,38666.75,Business,636.0,1,195,94.92,2022-09-15,1,0,2022,9,3,0.483334375,32.5,0.0,0.0,0,4.5635145107192585,9.74268956705488,146.58605265628162,-2.0357546514892237
593,58.0,2,South,3.0,Salaried,80000.0,606310.45,Car,703.0,3,147,47.81,2017-09-04,0,0,2017,9,0,7.578880624999999,24.5,0.0,1.0,0,3.887935209899056,6.9144775652250114,146.58605265628162,1.5739581380791032
594,59.0,0,North,3.0,Self-Employed,405875.21,475326.53,Education,647.0,3,83,33.38,2017-06-10,0,0,2017,6,5,1.1711149592013763,13.833333333333334,1.0,0.0,0,3.5374749999547035,5.7775427302617155,261.2586471681835,0.9942885452031394
595,21.0,1,West,0.0,Salaried,680219.13,275315.85,Car,741.0,2,130,64.94,2024-02-22,0,0,2024,2,3,0.4047458206592925,21.666666666666668,3.0,1.0,2,4.188745237643585,8.058535847162311,313.6854195348687,-0.05578719995915094
596,38.0,2,East,3.0,Salaried,727831.66,744466.27,Other,766.0,3,210,40.79,2024-10-20,0,0,2024,10,6,1.022855023921328,35.0,3.0,1.0,2,3.732657076459824,6.386704940734306,321.2848286848921,2.126884724274597
597,26.0,1,South,1.0,Salaried,635338.38,200325.2,Other,701.0,3,183,54.65,2019-05-27,0,0,2019,5,0,0.3153047357220888,30.5,2.0,1.0,2,4.019082077721554,7.392563831310488,306.19888122832793,-0.5368025460054489
598,36.0,0,East,1.0,Self-Employed,660993.03,455840.51,Education,722.0,3,280,20.65,2017-02-09,0,0,2017,2,3,0.689629828623155,46.666666666666664,3.0,1.0,2,3.075005454448499,4.544227107000705,310.51883236553795,0.9021780964536789
599,58.0,0,East,0.0,Salaried,625621.16,227575.86,Business,537.0,0,174,79.81,2019-02-05,1,0,2019,2,1,0.3637598510894356,29.0,2.0,0.0,2,4.392100720245356,8.93364427319557,304.53305128820057,-0.3538983252311458
600,51.0,1,East,1.0,Unemployed,80000.0,346628.73,Car,553.0,1,267,14.15,2019-07-27,1,0,2019,7,5,4.332859125,44.5,0.0,0.0,0,2.7180005319553784,3.7616485747608057,146.58605265628162,0.3490684987876597
601,43.0,1,South,2.0,Salaried,715079.18,636633.78,Business,819.0,3,56,14.85,2019-04-28,0,0,2019,4,6,0.8902983023502377,9.333333333333334,3.0,1.0,2,2.7631695003232895,3.8535697735995385,319.281861048649,1.6998159767340513
602,43.0,0,South,2.0,Self-Employed,593744.21,155187.07,Business,683.0,1,178,79.66,2022-02-08,1,0,2022,2,1,0.2613702456146899,29.666666666666668,2.0,0.0,1,4.390242789445222,8.92524509467387,298.947413343432,-0.8665764371201399
603,45.0,0,West,0.0,Unemployed,154885.71,351155.78,Home,549.0,5,77,21.04,2018-01-01,1,0,2018,1,0,2.2671928869357934,12.833333333333334,0.0,0.0,0,3.092858984284714,4.586937976471886,185.5450385424517,0.37343645251657015
604,23.0,0,East,2.0,Self-Employed,499131.74,394155.71,Business,788.0,0,172,18.98,2023-12-09,0,0,2023,12,5,0.7896827198366508,28.666666666666668,1.0,1.0,1,2.9947317732204075,4.356604182158393,281.125338678228,0.5982065425372948
605,50.0,0,North,0.0,Unemployed,190806.31,441300.44,Business,765.0,3,228,46.72,2019-11-22,0,0,2019,11,4,2.312818899961956,38.0,0.0,1.0,0,3.8653505972297153,6.835202996254025,199.8405454658195,0.8322864312738224
606,55.0,2,East,0.0,Unemployed,738424.98,394646.17,Business,629.0,2,43,22.26,2016-11-01,0,0,2016,11,1,0.5344431468177038,7.166666666666667,3.0,0.0,2,3.1467351470905185,4.71805044483418,322.9314100638666,0.6007047220157087
607,55.0,1,West,1.0,Self-Employed,766232.25,185254.24,Education,716.0,3,87,48.08,2021-04-12,0,0,2021,4,0,0.24177296113547816,14.5,3.0,1.0,3,3.8934516198427107,6.9339743293438865,327.18192423300644,-0.6427861593158322
608,56.0,0,East,2.0,Unemployed,529453.06,50203.64,Other,656.0,3,151,56.38,2017-05-18,0,0,2017,5,3,0.09482170147434787,25.166666666666668,1.0,0.0,1,4.049695810553219,7.508661665037252,287.05923640065845,-1.8783662414975923
609,42.0,1,West,2.0,Unemployed,623218.1,93381.39,Home,618.0,3,102,77.62,2021-11-10,1,0,2021,11,2,0.14983741646784648,17.0,2.0,0.0,2,4.364626119993714,8.810221336606704,304.1185053944622,-1.3998139523254294
610,36.0,1,North,3.0,Salaried,586038.77,552945.54,Home,652.0,2,199,79.83,2024-01-16,1,0,2024,1,1,0.9435306472983008,33.166666666666664,2.0,0.0,1,4.392348183745753,8.934763567101259,297.56814165251177,1.3453637065725659
611,51.0,1,West,3.0,Salaried,724100.03,611259.76,Business,774.0,2,104,46.63,2025-02-22,0,0,2025,2,5,0.8441648041362462,17.333333333333332,3.0,1.0,2,3.863462814812769,6.828616258071616,320.7010949733593,1.59469080162111
612,53.0,1,South,2.0,Salaried,886073.27,265855.61,Education,592.0,1,195,67.31,2024-12-11,1,0,2024,12,2,0.3000379528433354,32.5,4.0,0.0,3,4.224056168743758,8.204267182387468,344.4352821241082,-0.11288709811177505
613,25.0,1,East,2.0,Salaried,785614.73,204361.87,Education,697.0,3,266,16.66,2021-01-28,0,0,2021,1,3,0.2601298858029304,44.333333333333336,3.0,0.0,3,2.8713021951758138,4.08166632639171,330.0857441384305,-0.5090314610710008
614,49.0,2,South,0.0,Self-Employed,524162.48,355531.78,Education,726.0,1,28,33.07,2017-10-20,0,0,2017,10,4,0.6782854430939048,4.666666666666667,1.0,1.0,1,3.5284172316728752,5.75065213693195,286.04005979457565,0.3968572135539415
615,64.0,2,South,3.0,Unemployed,948295.31,425902.37,Home,749.0,0,279,63.27,2022-08-24,0,0,2022,8,2,0.44912419739796033,46.5,4.0,1.0,3,4.163092959383195,7.954244150137711,352.79931521123217,0.7571299523998586
616,53.0,2,North,0.0,Salaried,358460.82,422820.57,Business,692.0,1,215,45.17,2023-02-16,0,0,2023,2,3,1.1795447268128216,35.833333333333336,0.0,0.0,0,3.8323302365188976,6.720863039818622,250.00045944587416,0.7419418476431177
617,24.0,1,South,1.0,Unemployed,963029.42,302122.39,Business,632.0,2,81,45.61,2018-09-05,0,0,2018,9,2,0.313720831083229,13.5,4.0,0.0,3,3.8418151103846494,6.753517601961218,354.7273798245763,0.10138426243658198
618,64.0,1,North,2.0,Salaried,525204.56,121967.82,Business,656.0,3,191,20.23,2017-11-10,0,0,2017,11,4,0.23222917181069408,31.833333333333332,1.0,0.0,1,3.055415275715165,4.497777228809804,286.2413324407641,-1.1380203243104516
619,45.0,2,South,3.0,Salaried,429075.55,414644.71,Car,666.0,0,275,93.62,2020-01-04,1,0,2020,1,5,0.9663676012301331,45.833333333333336,1.0,0.0,0,4.549868870203002,9.67574286553751,266.45734661051154,0.7014051528612084
620,23.0,0,North,0.0,Salaried,116423.31,300033.23,Education,812.0,0,74,35.49,2026-05-05,0,0,2026,5,1,2.577088986732983,12.333333333333334,0.0,1.0,0,3.5970382504483562,5.957348403442592,167.59985666286053,0.08936702388397315
621,60.0,0,East,1.0,Self-Employed,936345.31,283739.28,Car,789.0,3,165,22.27,2021-03-24,0,0,2021,3,2,0.30302846286483776,27.5,4.0,1.0,3,3.1471649773142003,4.719110085598767,351.22123574972267,-0.005684740857750069
622,43.0,2,South,0.0,Self-Employed,593744.21,310665.84,Other,683.0,1,274,24.68,2021-09-28,0,0,2021,9,1,0.5232317802307496,45.666666666666664,2.0,0.0,1,3.2457124788217606,4.967896939349688,298.947413343432,0.1501428557977866
623,52.0,1,South,3.0,Self-Employed,286635.6,303367.56,Car,658.0,1,234,90.37,2024-06-26,1,0,2024,6,2,1.0583736283978684,39.0,0.0,0.0,0,4.514917197010529,9.506313691436866,230.93129185710035,0.10852891536830606
624,53.0,2,South,3.0,Unemployed,859128.9,124317.57,Business,850.0,1,186,73.45,2024-08-02,0,0,2024,8,4,0.1447018835008344,31.0,4.0,1.0,3,4.310127759130018,8.570297544426332,340.69485776147917,-1.1178026603382898
625,25.0,1,North,0.0,Salaried,1016845.59,238279.32,Home,733.0,1,152,47.42,2026-03-22,0,0,2026,3,6,0.2343318615366174,25.333333333333332,4.0,1.0,3,3.8799129515099127,6.8862181202747275,361.6111478789031,-0.284781938481035
626,63.0,2,West,2.0,Self-Employed,456829.59,575585.76,Education,797.0,1,126,48.09,2017-03-31,0,0,2017,3,4,1.259957263276225,21.0,1.0,1.0,1,3.893655348069961,6.9346953790343235,272.44198465728806,1.44350762768775
627,43.0,1,South,2.0,Self-Employed,593744.21,319539.99,Home,683.0,2,153,78.07,2022-11-27,1,0,2022,11,6,0.5381778628207592,25.5,2.0,0.0,1,4.3703335360828355,8.835722947218297,298.947413343432,0.2001535275572367
628,42.0,1,East,0.0,Unemployed,731878.75,419138.5,Education,797.0,0,205,87.76,2023-07-26,1,0,2023,7,2,0.5726884405374524,34.166666666666664,3.0,1.0,2,4.485936098064394,9.368030742904295,321.91571681700003,0.7237298936827569
629,61.0,1,South,3.0,Self-Employed,330998.59,20000.0,Home,694.0,2,108,62.95,2017-10-23,0,0,2017,10,0,0.06042321811703185,18.0,0.0,0.0,0,4.158101528024852,7.9341036040626545,243.0311038945172,-2.345752919568632
630,33.0,1,West,3.0,Salaried,744754.03,215029.42,Car,606.0,0,71,44.54,2017-04-22,0,0,2017,4,5,0.2887254198543914,11.833333333333334,3.0,0.0,2,3.8185910606355935,6.673829485385434,323.9078622999074,-0.4368078645180613
631,50.0,0,North,0.0,Self-Employed,526301.89,159495.98,Education,786.0,2,152,91.98,2024-06-30,1,0,2024,6,6,0.3030503652570961,25.333333333333332,1.0,1.0,1,4.532384416262439,9.590620417887468,286.45299625032055,-0.8333759569996424
632,33.0,1,West,3.0,Self-Employed,242200.94,370236.49,Other,678.0,0,48,85.86,2021-02-08,1,0,2021,2,0,1.5286335800348256,8.0,0.0,0.0,0,4.464297627106676,9.2660671268883,217.522211003435,0.47462262954277173
633,36.0,2,South,3.0,Salaried,487756.48,301297.53,Home,569.0,5,61,88.63,2020-05-02,1,0,2020,5,5,0.6177212243289931,10.166666666666666,1.0,0.0,1,4.4956900853692705,9.414350747661784,278.8388657215756,0.09664399893779285
634,60.0,2,North,0.0,Self-Employed,484929.41,109288.32,Car,580.0,0,185,82.94,2022-12-15,1,0,2022,12,3,0.22536954399198023,30.833333333333332,1.0,0.0,1,4.430102257905445,9.107140056021978,278.26525214543284,-1.2502907733397324
635,21.0,1,North,3.0,Unemployed,552281.95,270270.65,Education,720.0,0,106,21.39,2020-05-10,0,0,2020,5,6,0.48937078244183074,17.666666666666668,2.0,1.0,1,3.1086144306106633,4.624932431938871,291.3827418822928,-0.08612693996059122
636,23.0,2,West,3.0,Unemployed,918142.54,386604.53,Business,669.0,4,187,39.02,2022-03-23,0,0,2022,3,2,0.4210724513429037,31.166666666666668,4.0,0.0,3,3.6893793291555874,6.246599074696567,348.79210396300124,0.559565964114105
637,43.0,1,South,2.0,Self-Employed,593744.21,382148.37,Education,683.0,3,235,92.02,2016-10-03,1,0,2016,10,0,0.6436245837243617,39.166666666666664,2.0,0.0,1,4.532814523795951,9.592705562040356,298.947413343432,0.5366035111484019
638,58.0,1,South,1.0,Unemployed,461221.57,408424.03,Education,688.0,2,39,52.41,2024-09-17,0,0,2024,9,1,0.8855267328455606,6.5,1.0,0.0,1,3.977997994351679,7.239475119095306,273.3672073337601,0.6703207377008157
639,55.0,0,North,2.0,Unemployed,396780.24,354492.81,Business,622.0,3,67,23.36,2018-02-12,0,0,2018,2,0,0.8934235485113876,11.166666666666666,0.0,0.0,0,3.192942442841696,4.833218389437829,259.1680235001209,0.3913083568109221
640,53.0,2,South,0.0,Salaried,765695.47,181367.73,Home,682.0,2,88,48.67,2017-07-10,0,0,2017,7,0,0.2368666618858278,14.666666666666666,3.0,0.0,3,3.905401129119259,6.976388750635962,327.10083041846053,-0.6707406813579553
641,64.0,0,North,3.0,Unemployed,634661.3,137081.06,Other,610.0,3,273,32.33,2025-10-25,0,0,2025,10,5,0.2159908915196184,45.5,2.0,0.0,2,3.506457892319648,5.6859475903318,306.08334730886617,-1.0108631595141089
642,52.0,1,East,1.0,Salaried,624453.32,358766.48,Home,627.0,0,96,91.67,2022-07-18,1,0,2022,7,0,0.5745289015358266,16.0,2.0,0.0,2,4.5290447955986,9.574445153636841,304.33171950403465,0.41408627317559327
643,25.0,2,South,0.0,Salaried,433644.43,408285.52,Business,578.0,2,282,45.52,2017-06-14,1,0,2017,6,2,0.9415214211329777,47.0,1.0,0.0,0,3.839882327650464,6.7468511173732,267.45948125640876,0.6696261926879293
644,35.0,0,East,1.0,Self-Employed,767210.03,270002.57,Car,597.0,1,170,82.52,2017-09-05,1,0,2017,9,1,0.35192784171499947,28.333333333333332,3.0,0.0,3,4.425086124134329,9.084051959340611,327.3295471929267,-0.08774616826212156
645,53.0,2,East,0.0,Salaried,940169.01,303983.0,Education,681.0,4,96,78.46,2020-09-17,1,0,2020,9,3,0.3233280365197317,16.0,4.0,0.0,3,4.375253750386452,8.857764955111419,351.7275971084909,0.11205536684775899
646,57.0,0,East,0.0,Self-Employed,784378.22,249130.46,Other,773.0,2,238,87.21,2024-01-20,1,0,2024,1,5,0.31761521884174704,39.666666666666664,3.0,1.0,3,4.479720335270676,9.338629449764028,329.9018924721628,-0.2161251421723712
647,55.0,2,North,3.0,Self-Employed,1245951.71,487318.79,Other,697.0,1,99,68.61,2020-06-18,0,0,2020,6,3,0.3911217313550619,16.5,4.0,0.0,3,4.242908235180575,8.283115355951528,388.5280067239803,1.0501317534988006
648,26.0,0,North,3.0,Unemployed,522348.27,622432.99,Car,826.0,3,292,25.68,2022-05-12,0,0,2022,5,3,1.1916053440743664,48.666666666666664,1.0,1.0,1,3.283914221047423,5.067543783727971,285.6890331857225,1.6412193172165876
649,59.0,0,South,2.0,Salaried,995638.74,261367.26,Other,732.0,0,278,51.59,2021-09-10,0,0,2021,9,4,0.2625121437118849,46.333333333333336,4.0,1.0,3,3.962525987601253,7.182617907142214,358.9274471325789,-0.14029757436715878
650,27.0,2,North,1.0,Unemployed,367423.58,413473.25,Other,526.0,2,45,79.56,2020-05-29,1,0,2020,5,4,1.1253312865766536,7.5,0.0,0.0,0,4.389002248410307,8.919641248391104,252.19968165540496,0.6955675651762373
651,56.0,1,North,0.0,Salaried,930103.5,168834.65,Home,730.0,0,292,54.13,2020-11-13,0,0,2020,11,4,0.1815224327185093,48.666666666666664,4.0,1.0,3,4.009694032601592,7.3573092907665645,350.39175837491734,-0.7627788216405319
652,40.0,0,East,3.0,Salaried,530123.13,402032.32,Car,664.0,2,246,94.08,2019-12-30,1,0,2019,12,0,0.7583753608336237,41.0,1.0,0.0,1,4.554718642491993,9.699484522385713,287.1878460442055,0.6381587652969464
653,57.0,1,West,1.0,Self-Employed,653633.61,562133.24,Car,662.0,4,34,34.2,2019-01-24,0,0,2019,1,3,0.86001275240421,5.666666666666667,3.0,0.0,2,3.5610460826040513,5.848076606885378,309.29089472664884,1.3854060426437194
654,24.0,0,East,2.0,Salaried,558432.78,342739.96,Other,662.0,1,103,18.7,2018-05-18,0,0,2018,5,4,0.6137532972186912,17.166666666666668,2.0,0.0,1,2.9806186357439426,4.324349662087931,292.5277205499113,0.3280215572452104
655,34.0,0,North,0.0,Salaried,435721.38,350653.05,Car,688.0,3,293,24.29,2024-03-29,0,0,2024,3,4,0.8047643886558883,48.833333333333336,1.0,0.0,0,3.2304090606818736,4.928488612140643,267.91277174789576,0.3707373973878119
656,31.0,2,North,3.0,Salaried,896103.87,650701.71,Business,661.0,3,97,52.96,2022-10-01,0,0,2022,10,5,0.7261454076746705,16.166666666666668,4.0,0.0,3,3.988243031339555,7.277362159464101,345.80885429770757,1.7572867544464277
657,48.0,0,East,2.0,Salaried,430702.44,362332.61,Other,657.0,1,160,85.54,2019-11-24,1,0,2019,11,6,0.8412597105324038,26.666666666666668,1.0,0.0,0,4.460606734796738,9.248783703817493,266.8149782407561,0.4329997515534987
658,37.0,0,North,2.0,Salaried,667179.63,20000.0,Education,655.0,1,165,14.49,2023-12-28,0,0,2023,12,3,0.029976934397712353,27.5,3.0,0.0,2,2.740194654428777,3.8065732621348563,311.54423190624374,-2.345752919568632
659,49.0,2,East,1.0,Self-Employed,611151.93,488561.97,Education,850.0,1,277,71.46,2025-12-13,0,0,2025,12,5,0.7994116454806908,46.166666666666664,2.0,1.0,2,4.283034685466931,8.453401682163221,302.0211552333631,1.0558851599923966
660,44.0,2,West,1.0,Unemployed,884384.75,252719.56,Other,660.0,1,281,31.83,2023-11-23,0,0,2023,11,3,0.28575748281503044,46.833333333333336,4.0,0.0,3,3.4913427315135013,5.641808220774612,344.20306786470934,-0.1937141080472253
661,43.0,1,South,0.0,Self-Employed,593744.21,506087.16,Home,683.0,2,175,61.93,2022-06-26,0,0,2022,6,6,0.8523656340160353,29.166666666666668,2.0,0.0,1,4.1420229975388425,7.869561614219689,298.947413343432,1.1363011168907193
662,38.0,1,East,0.0,Self-Employed,718841.4,412437.26,Home,666.0,1,112,88.77,2024-04-01,1,0,2024,4,0,0.5737527916449998,18.666666666666668,3.0,0.0,2,4.497250843768597,9.42178327069775,319.8751694416663,0.6903988381850821
663,46.0,2,West,2.0,Salaried,858934.13,200826.5,Car,736.0,3,122,58.09,2016-07-28,0,0,2016,7,3,0.23380896507162896,20.333333333333332,4.0,1.0,3,4.079061705357583,7.621679604916491,340.667544333814,-0.5333401322222769
664,34.0,2,South,3.0,Self-Employed,682786.63,357142.93,Home,644.0,1,209,42.24,2018-06-03,0,0,2018,6,6,0.5230666716482132,34.833333333333336,3.0,0.0,2,3.7667659927710075,6.499230723708768,314.1038753337426,0.4054475051997692
665,40.0,1,East,0.0,Salaried,549979.86,211124.72,Car,383.0,0,242,42.62,2018-07-19,1,0,2018,7,3,0.3838771841572526,40.333333333333336,2.0,0.0,1,3.775515760773483,6.528399497579786,290.95207818617047,-0.4630528583996997
666,38.0,2,West,2.0,Self-Employed,1038702.97,235452.62,Home,599.0,2,77,52.52,2023-06-26,1,0,2023,6,0,0.22667945197075925,12.833333333333334,4.0,0.0,3,3.9800554158199732,7.247068372797376,364.3394057904576,-0.30289674309902004
667,39.0,2,North,1.0,Unemployed,494614.45,233060.63,Business,756.0,1,93,44.03,2023-07-23,0,0,2023,7,6,0.4711965653247696,15.5,1.0,1.0,1,3.8073289343134804,6.635510530471638,280.2214371090096,-0.31830237700414576
668,61.0,1,North,3.0,Unemployed,634663.16,530172.32,Car,769.0,2,41,23.31,2021-09-14,0,0,2021,9,1,0.8353601617588768,6.833333333333333,2.0,1.0,2,3.1908877883280318,4.828043081829324,306.0836648005944,1.2447995773968168
669,26.0,1,East,2.0,Self-Employed,828762.5,287071.9,Business,737.0,6,265,40.99,2022-04-02,1,0,2022,4,5,0.3463862083528152,44.166666666666664,4.0,1.0,3,3.737431494696102,6.402343321003647,336.38692530800296,0.013952306843476895
670,37.0,2,East,2.0,Self-Employed,528181.88,373339.09,Education,643.0,3,59,22.04,2018-08-30,0,0,2018,8,3,0.7068381255335757,9.833333333333334,1.0,0.0,1,3.1372318358276905,4.6946778377222005,286.8149621889049,0.4908517847018101
671,23.0,1,North,1.0,Salaried,719860.42,289536.99,Other,589.0,2,103,69.36,2020-11-08,1,0,2020,11,6,0.4022126817307166,17.166666666666668,3.0,0.0,2,4.253624919869357,8.328265125462805,320.0355234356947,0.028411555668877455
672,58.0,1,South,0.0,Salaried,562066.56,201646.84,Business,661.0,3,254,63.65,2021-11-09,0,0,2021,11,1,0.35875971699864156,42.333333333333336,2.0,0.0,1,4.168988105217867,7.978095010715277,293.20030587664826,-0.5276825366133512
673,41.0,0,East,3.0,Salaried,642407.93,726592.11,Other,766.0,3,132,71.5,2021-01-10,0,0,2021,1,6,1.13104473974971,22.0,3.0,1.0,2,4.283586561860629,8.455767262643882,307.4004503042212,2.0581226398801555
674,30.0,0,South,3.0,Self-Employed,678811.23,215981.47,Business,660.0,3,258,16.93,2018-05-31,0,0,2018,5,3,0.31817604137161964,43.0,3.0,0.0,2,2.8864752876170416,4.114608122288197,313.4555219263382,-0.4304414015631657
675,46.0,0,North,0.0,Salaried,292736.89,468464.6,Education,742.0,2,183,53.24,2024-01-09,0,0,2024,1,1,1.6002923307684247,30.5,0.0,1.0,0,3.99341864363214,7.29657453878188,232.66438332897002,0.962049675239115
676,63.0,2,North,1.0,Self-Employed,695859.07,519836.46,Car,641.0,2,199,65.33,2017-08-08,0,0,2017,8,1,0.7470427309368836,33.166666666666664,3.0,0.0,2,4.194642283537465,8.082697569499926,316.218752096588,1.1985165807651041
677,59.0,1,South,2.0,Self-Employed,722665.54,369190.19,Other,660.0,3,26,13.19,2024-07-14,0,0,2024,7,6,0.5108728306043208,4.333333333333333,3.0,0.0,2,2.6525374911719513,3.6318039594669753,320.4761799493669,0.46913581766510193
678,22.0,1,East,2.0,Salaried,857428.22,20000.0,Home,843.0,2,171,87.01,2024-12-13,1,0,2024,12,4,0.023325567707580232,28.5,4.0,1.0,3,4.47745044438572,9.327915093953203,340.4562282747495,-2.345752919568632
679,43.0,0,West,1.0,Self-Employed,593744.21,48631.23,Business,683.0,1,295,87.85,2020-02-16,1,0,2020,2,6,0.08190602818678434,49.166666666666664,2.0,0.0,1,4.486949554600661,9.372833082905082,298.947413343432,-1.8987776719626313
680,57.0,1,South,0.0,Salaried,861837.94,376272.83,Home,664.0,2,104,59.42,2022-07-02,0,0,2022,7,5,0.4365934853134918,17.333333333333332,4.0,0.0,3,4.101320175958526,7.708436936240706,341.07434180804944,0.5061418789603843
681,37.0,1,South,1.0,Self-Employed,778933.56,659154.29,Education,850.0,2,105,17.49,2017-10-10,0,0,2017,10,1,0.8462265895951382,17.5,3.0,1.0,3,2.9172300453990334,4.182104733265296,329.0901014896434,1.7915485586693582
682,28.0,2,North,2.0,Salaried,428321.16,421708.22,Home,790.0,1,257,52.35,2026-03-10,0,0,2026,3,1,0.9845607907860541,42.833333333333336,1.0,1.0,0,3.976873977747762,7.235329985563893,266.29121374188725,0.7364475895382518
683,28.0,1,South,3.0,Salaried,880465.38,271998.16,Home,738.0,2,38,54.43,2022-07-29,0,0,2022,7,4,0.3089254457682368,6.333333333333333,4.0,1.0,3,4.0151209634317135,7.377669008569034,343.66294333360884,-0.07570991865748783
684,62.0,0,North,0.0,Self-Employed,687791.37,319419.29,Home,521.0,1,98,26.93,2024-04-03,1,0,2024,4,2,0.46441305304543146,16.333333333333332,3.0,0.0,2,3.3297013799570854,5.189412298131649,314.9166292728973,0.19947754477043556
685,25.0,1,West,3.0,Self-Employed,667255.57,356644.72,Home,746.0,2,245,32.29,2025-02-21,0,0,2025,2,4,0.5344949312300233,40.833333333333336,3.0,1.0,2,3.5052570515869337,5.682429058070149,311.5567801642118,0.40279302840254894
686,49.0,0,West,1.0,Self-Employed,763187.52,391428.91,Car,555.0,5,152,42.19,2021-05-04,1,0,2021,5,1,0.5128869376690016,25.333333333333332,3.0,0.0,3,3.7656089869726097,6.495382975621991,326.72145296594454,0.5842918598737946
687,27.0,1,East,2.0,Self-Employed,166632.63,333224.0,Car,686.0,3,73,61.33,2025-11-17,0,0,2025,11,0,1.9997523894329698,12.166666666666666,0.0,0.0,0,4.132442850820759,7.831347265956222,190.43703539003835,0.27606048018909946
688,43.0,1,South,2.0,Self-Employed,593744.21,679858.14,Business,683.0,0,208,44.49,2023-06-04,0,0,2023,6,6,1.145035401692591,34.666666666666664,2.0,0.0,1,3.817492521581913,6.670082458260917,298.947413343432,1.874643613161763
689,43.0,2,West,0.0,Salaried,776163.52,352713.72,Education,678.0,3,196,75.14,2017-08-11,1,0,2017,8,4,0.45443223098143026,32.666666666666664,3.0,0.0,3,4.332573750954351,8.668333173107735,328.6756778347024,0.3817896817194422
690,39.0,0,South,3.0,Salaried,764954.57,259790.86,Other,561.0,4,223,20.78,2021-07-22,1,0,2021,7,3,0.3396160637356543,37.166666666666664,3.0,0.0,3,3.0809921175048145,4.558508528016593,326.98883859814435,-0.1499749229654884
691,63.0,1,North,3.0,Unemployed,240271.33,499922.82,Education,711.0,0,259,90.79,2022-08-03,1,0,2022,8,2,2.0806594777662406,43.166666666666664,0.0,1.0,0,4.519503359231,9.528378665859162,216.90494218349298,1.1081606252865364
692,41.0,0,West,2.0,Unemployed,580053.91,551004.59,Other,632.0,2,148,43.04,2025-10-25,0,0,2025,10,5,0.9499196204021794,24.666666666666668,2.0,0.0,1,3.785098311854479,6.56048778674269,296.48870637084894,1.3368663111334824
693,32.0,0,West,2.0,Salaried,518709.32,159432.44,Home,627.0,0,299,10.85,2019-08-21,0,0,2019,8,2,0.307363746616313,49.833333333333336,1.0,0.0,1,2.47232786758114,3.2939338184001206,284.98254878368,-0.833862581626938
694,36.0,0,South,0.0,Self-Employed,752593.42,108471.63,Home,755.0,2,248,14.45,2020-01-26,0,0,2020,1,6,0.14413045226996538,41.333333333333336,3.0,1.0,2,2.7376090033437546,3.8013155617496426,325.1098896794066,-1.2577182436345962
695,58.0,0,East,1.0,Salaried,937096.59,406804.76,Home,694.0,5,143,81.0,2022-01-13,1,0,2022,1,3,0.4341118774106307,23.833333333333332,4.0,0.0,3,4.406719247264253,9.0,351.32083139808935,0.6621944220597356
696,59.0,1,South,2.0,Unemployed,237344.59,442827.56,Home,650.0,1,80,28.74,2019-09-05,0,0,2019,9,3,1.8657579681929974,13.333333333333334,0.0,0.0,0,3.392492941032009,5.360970061472083,215.96252437380994,0.8396752964834814
697,21.0,1,West,2.0,Salaried,599761.66,466118.54,Car,690.0,3,172,69.19,2018-01-08,0,0,2018,1,0,0.7771729523357661,28.666666666666668,2.0,0.0,2,4.2512058507423305,8.318052656722005,300.01647390843067,0.9509786413425089
698,61.0,1,East,2.0,Unemployed,530945.5,124852.23,Home,680.0,2,71,31.99,2025-03-29,0,0,2025,3,5,0.23515074522714666,11.833333333333334,1.0,0.0,1,3.49620448524049,5.6559702969517085,287.3455431447962,-1.1132264558472482
699,41.0,2,East,1.0,Unemployed,379643.77,510624.89,Car,600.0,1,183,79.59,2020-01-24,1,0,2020,1,4,1.345010587161749,30.5,0.0,0.0,0,4.38937457233642,8.921322771876378,255.14276524722513,1.1569175277981878
700,37.0,0,East,1.0,Self-Employed,461576.21,20000.0,Home,767.0,2,289,24.4,2025-11-14,0,0,2025,11,4,0.04332978946206954,48.166666666666664,1.0,1.0,1,3.2347491740244907,4.9396356140913875,273.44166640089963,-2.345752919568632
701,42.0,1,North,1.0,Unemployed,654664.83,233051.92,Car,663.0,4,143,52.65,2025-09-30,0,0,2025,9,1,0.3559866199013624,23.833333333333332,3.0,0.0,2,3.9824814690767076,7.256031973468694,309.46349537061724,-0.31835860362602836
702,34.0,1,West,0.0,Self-Employed,691877.6,179713.62,Other,483.0,0,237,31.24,2022-12-12,1,0,2022,12,0,0.259747706819819,39.5,3.0,0.0,2,3.4732079176384274,5.589275444992848,315.57737702543665,-0.6827199681724665
703,63.0,1,South,2.0,Unemployed,377436.39,71637.8,Car,714.0,1,175,75.37,2026-02-10,1,0,2026,2,1,0.18980098871759557,29.166666666666668,0.0,1.0,0,4.335589948900293,8.681589716175258,254.6157451755297,-1.6242986023249006
704,26.0,0,North,0.0,Salaried,755020.0,450019.4,Other,850.0,3,221,31.96,2021-05-18,0,0,2021,5,1,0.5960363963868507,36.833333333333336,3.0,1.0,2,3.495294705041271,5.653317610041028,325.4803126817502,0.8743192951325434
705,58.0,2,South,0.0,Unemployed,642899.69,336482.64,Education,632.0,4,70,35.98,2026-01-06,0,0,2026,1,1,0.523382800200137,11.666666666666666,3.0,0.0,2,3.610377225958979,5.998333101787529,307.4837117471427,0.29392834946490165
706,32.0,1,East,3.0,Unemployed,635444.59,239099.9,Home,476.0,2,223,16.04,2025-03-10,1,0,2025,3,0,0.37627183197830044,37.166666666666664,2.0,0.0,2,2.8355635214011694,4.004996878900157,306.21699717502753,-0.27954143345413
707,61.0,0,East,2.0,Salaried,1051902.13,375923.65,Car,595.0,3,147,61.82,2025-09-21,1,0,2025,9,6,0.35737512005988625,24.5,4.0,0.0,3,4.140273494110501,7.862569554541314,365.9689234555606,0.5043248412616419
708,35.0,2,West,3.0,Unemployed,535763.72,554114.71,Education,609.0,2,75,32.75,2018-10-06,0,0,2018,10,5,1.0342520206482066,12.5,1.0,0.0,1,3.518980417318539,5.722761571129799,288.26630957494325,1.3504757997705177
709,46.0,1,East,1.0,Unemployed,824604.67,157709.71,Other,572.0,2,103,45.53,2020-03-08,1,0,2020,3,6,0.19125493189360665,17.166666666666668,4.0,0.0,3,3.8400972658565573,6.747592163134936,335.7891395296089,-0.8470896651664817
710,44.0,1,West,2.0,Unemployed,522882.67,365285.72,Education,813.0,2,80,85.95,2017-06-01,1,0,2017,6,3,0.698599783389264,13.333333333333334,1.0,1.0,1,4.465333240800292,9.270922284217466,285.79251494358454,0.4485986183713598
711,44.0,1,South,0.0,Unemployed,924020.86,229958.66,Other,750.0,1,227,63.87,2021-02-13,0,0,2021,2,5,0.248867390288137,37.833333333333336,4.0,1.0,3,4.172385267224964,7.991870869827665,349.57994845526645,-0.3383871047398084
712,59.0,0,North,1.0,Unemployed,267863.83,386153.7,Education,650.0,1,48,69.0,2022-02-09,0,0,2022,2,2,1.4416044898633757,8.0,0.0,0.0,0,4.248495242049359,8.306623862918075,225.44398229258084,0.557248290556727
713,62.0,2,South,0.0,Self-Employed,860361.8,125832.17,Car,728.0,2,45,66.26,2024-10-26,0,0,2024,10,5,0.1462549476278468,7.5,4.0,1.0,3,4.208565706312124,8.140024569987489,340.86765937482267,-1.1048619104803388
714,29.0,0,North,1.0,Self-Employed,452118.33,389749.53,Education,542.0,2,129,79.53,2022-08-09,1,0,2022,8,1,0.8620520428800134,21.5,1.0,0.0,1,4.388629785807454,8.917959407846618,271.44305817886647,0.5757003632098141
715,39.0,1,North,2.0,Self-Employed,375464.28,177210.2,Home,625.0,2,186,45.28,2025-08-28,0,0,2025,8,3,0.47197618905319033,31.0,0.0,0.0,0,3.834709902325476,6.729041536504289,254.14320126611125,-0.7009449401783983
716,28.0,0,South,1.0,Unemployed,308778.55,148229.47,Home,744.0,5,211,17.62,2020-01-14,1,0,2020,1,1,0.48005105924618147,35.166666666666664,0.0,1.0,0,2.924236271848921,4.197618372363071,237.1119123619961,-0.9210748552483392
717,39.0,0,East,0.0,Unemployed,554954.79,505721.22,Home,601.0,2,213,22.14,2020-02-15,0,0,2020,2,5,0.9112836380779774,35.5,2.0,0.0,1,3.1415627217655304,4.705316142407437,291.88130382679174,1.1346349095522141
718,43.0,1,West,3.0,Unemployed,487182.37,386264.45,Business,775.0,6,60,59.92,2023-07-07,1,0,2023,7,4,0.7928539162860101,10.0,1.0,1.0,1,4.109561528026961,7.740800992145451,278.7225536152525,0.5578177584956405
719,34.0,1,West,3.0,Self-Employed,418953.43,291347.16,Education,809.0,0,188,56.24,2023-03-16,0,0,2023,3,3,0.6954165764915685,31.333333333333332,1.0,1.0,0,4.0472529546882505,7.49933330370107,264.21222358821115,0.03899402386564239
720,36.0,2,West,0.0,Self-Employed,989984.43,660452.73,Other,714.0,1,104,83.95,2025-04-13,1,0,2025,4,6,0.6671344619025977,17.333333333333332,4.0,1.0,3,4.442062848117941,9.162423260251623,358.20564385707604,1.7967940982060149
721,21.0,2,South,1.0,Self-Employed,537006.7,119409.28,Home,759.0,2,276,50.96,2020-03-16,0,0,2020,3,0,0.22236087557194353,46.0,1.0,1.0,1,3.9504741918023987,7.138627319029899,288.5029711104273,-1.1602350056892887
722,21.0,1,East,0.0,Self-Employed,375457.65,68803.22,Education,734.0,5,285,35.8,2025-05-21,1,0,2025,5,2,0.1832516130647491,47.5,0.0,1.0,0,3.6054978451748854,5.9833101206606365,254.14160991449762,-1.6557096482920892
723,52.0,1,North,2.0,Salaried,679761.22,200034.99,Business,609.0,2,158,63.37,2024-12-16,0,0,2024,12,0,0.2942724358415151,26.333333333333332,3.0,0.0,2,4.164647686064525,7.960527620704547,313.6106808171435,-0.5388087722576681
724,51.0,1,North,0.0,Self-Employed,385549.95,20000.0,Other,576.0,3,216,18.48,2026-03-06,1,0,2026,3,4,0.05187395303773221,36.0,0.0,0.0,0,2.969388298214389,4.298837052040936,256.5431732773494,-2.345752919568632
725,52.0,2,West,0.0,Self-Employed,325944.92,289819.29,Car,714.0,4,149,15.09,2019-12-12,0,0,2019,12,3,0.8891664579401943,24.833333333333332,0.0,1.0,0,2.7781979610042917,3.8845849199110063,241.70807715824796,0.030063872012131333
726,30.0,2,West,1.0,Salaried,784918.87,398954.97,Home,594.0,2,72,37.47,2019-07-05,1,0,2019,7,4,0.5082754221464952,12.0,3.0,0.0,3,3.6498787167642037,6.121274377121156,329.9823026686647,0.6225919756352277
727,59.0,0,South,1.0,Self-Employed,937753.94,73120.66,Other,573.0,1,109,46.71,2023-02-10,1,0,2023,2,4,0.07797424983359708,18.166666666666668,4.0,0.0,3,3.8651410195280156,6.834471449936711,351.40793241883495,-1.608089574337488
728,27.0,2,East,2.0,Self-Employed,80000.0,315428.79,Car,691.0,0,172,87.31,2021-04-16,1,0,2021,4,4,3.942859875,28.666666666666668,0.0,0.0,0,4.480853351480711,9.343982020530648,146.58605265628162,0.17706350390091674
729,54.0,1,North,3.0,Unemployed,126809.46,346723.63,Other,584.0,3,104,38.59,2023-08-03,1,0,2023,8,3,2.734209498250367,17.333333333333332,0.0,0.0,0,3.678576561118039,6.212084996198942,172.78478309812513,0.34958078700809025
730,57.0,0,South,0.0,Self-Employed,500669.19,269207.4,Home,769.0,1,187,69.85,2017-07-28,0,0,2017,7,4,0.5376951595523584,31.166666666666668,1.0,1.0,1,4.260564966136689,8.357631243360764,281.43176761597,-0.09255333371517752
731,61.0,0,North,2.0,Unemployed,422642.21,396689.31,Other,649.0,3,182,53.35,2022-06-28,0,0,2022,6,1,0.9385936866078757,30.333333333333332,1.0,0.0,0,3.9954446135672184,7.304108432930059,265.03444605494326,0.6110965322367222
732,45.0,0,South,0.0,Salaried,106009.18,274388.0,Car,487.0,2,147,55.0,2021-10-09,1,0,2021,10,5,2.5883418775619247,24.5,0.0,0.0,0,4.02535169073515,7.416198487095663,162.089889475245,-0.06134799303630212
733,29.0,1,East,0.0,Self-Employed,428487.56,207418.16,Home,688.0,1,247,78.16,2024-05-31,1,0,2024,5,4,0.4840704360238603,41.166666666666664,1.0,0.0,0,4.371471120734365,8.840814442120138,266.32787491557156,-0.4881691006379386
734,28.0,0,West,3.0,Self-Employed,513713.28,20000.0,Education,637.0,2,194,42.27,2023-12-17,0,0,2023,12,6,0.038932223048623545,32.333333333333336,1.0,0.0,1,3.7674595542367935,6.501538279515088,284.0073299956113,-2.345752919568632
735,46.0,1,West,1.0,Self-Employed,691240.55,602358.93,Business,665.0,4,96,71.37,2018-07-24,0,0,2018,7,1,0.8714172367347373,16.0,3.0,0.0,2,4.281791848878036,8.448076704197234,315.47453239580676,1.5573504370192093
736,33.0,0,South,3.0,Salaried,649139.19,205701.85,Education,657.0,1,230,47.88,2018-08-18,0,0,2018,8,5,0.31688404146420435,38.333333333333336,3.0,0.0,2,3.88936831486334,6.919537556802478,308.53656855445325,-0.4998675244563807
737,50.0,0,West,2.0,Salaried,872545.87,187785.59,Education,522.0,3,52,74.88,2021-03-22,1,0,2021,3,0,0.21521572269891096,8.666666666666666,4.0,0.0,3,4.3291531450668135,8.653323061113573,342.5667801040447,-0.6247207882014832
738,43.0,2,North,1.0,Self-Employed,593744.21,368043.44,Home,683.0,4,144,79.65,2020-01-07,1,0,2020,1,1,0.6198686804878485,24.0,2.0,0.0,1,4.390118804571218,8.92468486838611,298.947413343432,0.4631141940365248
739,34.0,1,East,3.0,Unemployed,325840.62,569092.4,Car,609.0,4,111,20.75,2022-02-11,0,0,2022,2,4,1.7465360825792684,18.5,0.0,0.0,0,3.079613757534693,4.55521678957215,241.68063208962468,1.4155399814516778
740,64.0,2,North,3.0,Unemployed,235144.44,159286.87,Business,663.0,0,83,15.16,2025-01-07,0,0,2025,1,1,0.6774001120332677,13.833333333333334,0.0,0.0,0,2.7825390530929495,3.893584466786357,215.24909029030178,-0.8349777669741889
741,43.0,2,West,1.0,Self-Employed,593744.21,238999.73,Education,683.0,0,85,53.24,2021-07-05,0,0,2021,7,0,0.4025297863536219,14.166666666666666,2.0,0.0,1,3.99341864363214,7.29657453878188,298.947413343432,-0.2801807188620921
742,35.0,1,West,0.0,Unemployed,754681.46,227457.43,Other,747.0,2,195,82.64,2022-07-20,1,0,2022,7,2,0.30139528006955413,32.5,3.0,1.0,2,4.426521874560433,9.090654541890808,325.4286802207084,-0.3546711678621224
743,39.0,2,South,0.0,Self-Employed,932126.0,144549.56,Car,595.0,3,132,41.34,2025-02-07,1,0,2025,2,4,0.1550751293280093,22.0,4.0,0.0,3,3.745732265706719,6.4296189622714035,350.6609242324181,-0.9503652306619776
744,57.0,1,South,1.0,Salaried,80000.0,114065.66,Home,559.0,1,95,67.45,2024-06-16,1,0,2024,6,6,1.42582075,15.833333333333334,0.0,0.0,0,4.226103551734458,8.212794895770866,146.58605265628162,-1.2073342148794564
745,56.0,0,North,3.0,Salaried,788354.87,207819.18,Car,611.0,2,71,29.39,2016-12-14,0,0,2016,12,2,0.2636112084904099,11.833333333333334,3.0,0.0,3,3.414113606928702,5.42125446737192,330.4924959503385,-0.48544202653920154
746,44.0,2,East,2.0,Unemployed,447091.57,369213.72,Home,784.0,1,129,62.44,2022-01-09,0,0,2022,1,6,0.8258123050720907,21.5,1.0,1.0,0,4.150094577326593,7.901898506055364,270.36975488348855,0.46925928623560836
747,45.0,1,West,3.0,Unemployed,710129.9,162154.63,Education,731.0,3,248,83.35,2021-07-13,1,0,2021,7,1,0.22834502532564815,41.333333333333336,3.0,1.0,2,4.434974808991977,9.129622117042961,318.4982560510199,-0.8130921805924786
748,55.0,0,West,0.0,Unemployed,193028.52,226206.46,Other,786.0,1,209,16.66,2017-08-24,0,0,2017,8,3,1.1718810256639796,34.833333333333336,0.0,1.0,0,2.8713021951758138,4.08166632639171,200.66522999464493,-0.3628457607521184
749,46.0,2,West,0.0,Self-Employed,584106.62,82360.82,Car,686.0,3,33,57.25,2023-09-02,0,0,2023,9,5,0.14100305865391494,5.5,2.0,0.0,1,4.06474409244581,7.566372975210778,297.22044281609544,-1.5102485525794485
750,28.0,1,North,0.0,Unemployed,862216.04,602711.61,Home,698.0,1,202,38.71,2023-07-15,0,0,2023,7,5,0.6990262092549333,33.666666666666664,4.0,0.0,3,3.6816030451431603,6.221736092120913,341.1272446718372,1.5588346934662536
751,52.0,0,East,3.0,Self-Employed,295629.95,298712.22,Business,641.0,2,112,25.52,2025-11-16,0,0,2025,11,6,1.010426108721393,18.666666666666668,0.0,0.0,0,3.277899165317662,5.0517323761260355,233.4779746523649,0.08174887174571836
752,35.0,2,West,3.0,Salaried,319315.84,329161.53,Car,761.0,0,211,75.03,2025-07-17,1,0,2025,7,3,1.030833703708529,35.166666666666664,0.0,1.0,0,4.331127999240345,8.661985915481507,239.95226245824122,0.2536744406603489
753,48.0,0,West,1.0,Unemployed,138364.94,245327.13,Other,686.0,2,92,88.47,2025-05-21,1,0,2025,5,2,1.7730440240135976,15.333333333333334,0.0,0.0,0,4.493903373559505,9.40584924395453,178.23891848413456,-0.24003315288136015
754,59.0,2,West,0.0,Self-Employed,490346.37,213070.41,Education,675.0,1,229,65.61,2019-07-27,0,0,2019,7,5,0.4345304116353508,38.166666666666664,1.0,0.0,1,4.198854716425088,8.1,279.36246367384405,-0.44994804867677685
755,32.0,2,South,0.0,Unemployed,239110.74,403031.28,Business,718.0,3,232,53.96,2023-08-03,0,0,2023,8,3,1.6855423558138796,38.666666666666664,0.0,1.0,0,4.006605647914094,7.345747068882783,216.5321259292307,0.6432004620737818
756,36.0,0,East,0.0,Self-Employed,518675.27,398929.72,Education,821.0,1,237,50.97,2023-01-25,0,0,2023,1,2,0.769131946468163,39.5,1.0,1.0,1,3.9506666290203505,7.139327699440614,284.9759229678843,0.62246402513786
757,29.0,0,East,3.0,Unemployed,590452.31,184288.62,Home,722.0,4,254,83.68,2021-12-31,1,0,2021,12,4,0.3121143179201043,42.333333333333336,2.0,1.0,1,4.4388794462666645,9.147677300823418,298.3595947561211,-0.6497067211667038
758,52.0,1,South,2.0,Unemployed,427410.41,400709.61,Business,774.0,2,182,63.22,2021-10-30,0,0,2021,10,5,0.9375288964066177,30.333333333333332,1.0,1.0,0,4.162314688661368,7.9511005527536875,266.0903937005778,0.6314744301809152
759,54.0,0,East,3.0,Unemployed,525896.14,80700.93,Home,786.0,0,242,33.84,2024-03-29,0,0,2024,3,4,0.15345412118826351,40.333333333333336,1.0,1.0,1,3.5507661519843023,5.817215828899595,286.37476461671145,-1.5274453456095576
760,29.0,1,West,1.0,Self-Employed,745468.49,417960.93,Business,635.0,2,45,83.49,2024-02-27,1,0,2024,2,1,0.5606688084160338,7.5,3.0,0.0,2,4.436633184164753,9.137286249209883,324.0177509832292,0.7178902993709029
761,39.0,2,East,0.0,Unemployed,990800.36,509617.19,Car,710.0,3,168,73.73,2025-10-22,0,0,2025,10,2,0.514349015779526,28.0,4.0,1.0,3,4.313881617942199,8.586617494683225,358.30996672368013,1.152346363642383
762,43.0,1,East,3.0,Self-Employed,593744.21,211172.11,Other,683.0,1,87,44.81,2020-01-03,0,0,2020,1,4,0.3556617587900352,14.5,2.0,0.0,1,3.8245024078986507,6.694027188471825,298.947413343432,-0.46273302774931757
763,45.0,2,North,1.0,Salaried,80000.0,20000.0,Car,575.0,1,219,57.59,2023-05-22,1,0,2023,5,0,0.25,36.5,0.0,0.0,0,4.070564033556697,7.588807547961669,146.58605265628162,-2.345752919568632
764,39.0,1,South,0.0,Self-Employed,571178.95,419477.24,Home,743.0,3,290,89.26,2021-01-28,1,0,2021,1,3,0.734405986074942,48.333333333333336,2.0,1.0,1,4.502694394398855,9.447751055145346,294.87461435674885,0.7254083434607009
765,59.0,0,South,2.0,Self-Employed,362203.91,248726.73,Business,599.0,2,218,74.63,2016-12-04,1,0,2016,12,6,0.6867036029511665,36.333333333333336,0.0,0.0,0,4.325853029867938,8.638865666278184,250.92320724231027,-0.21865518252096727
766,37.0,2,West,0.0,Unemployed,611956.33,109779.48,Home,666.0,2,222,19.13,2022-06-09,0,0,2022,6,3,0.1793910359583992,37.0,2.0,0.0,2,3.0022112396517002,4.3737855457258075,302.1618088281918,-1.2458359037079172
767,29.0,1,East,3.0,Unemployed,500025.0,188224.83,Business,671.0,0,122,13.92,2023-04-06,0,0,2023,4,3,0.37643083845807707,20.333333333333332,1.0,0.0,1,2.702702594775615,3.730951621235526,281.30344867561126,-0.6215972773722552
768,35.0,1,West,2.0,Self-Employed,753197.69,256745.72,Car,747.0,1,289,66.26,2022-05-01,0,0,2022,5,6,0.34087427963301375,48.166666666666664,3.0,1.0,2,4.208565706312124,8.140024569987489,325.2022053121208,-0.16874390564300162
769,46.0,0,North,2.0,Salaried,616032.02,254010.85,Business,751.0,0,186,83.34,2023-11-23,1,0,2023,11,3,0.4123338426466858,31.0,2.0,1.0,2,4.434856248318414,9.129074432821763,302.8726258492316,-0.18568615143700856
770,46.0,1,South,1.0,Salaried,735080.57,224094.79,Car,604.0,4,183,93.48,2018-07-23,1,0,2018,7,0,0.30485745256468966,30.5,3.0,0.0,2,4.548388171889107,9.668505572217457,322.41323531430004,-0.37669102356651046
771,57.0,2,South,2.0,Unemployed,491531.63,558323.26,Business,618.0,1,75,73.31,2017-04-19,0,0,2017,4,2,1.13588470389993,12.5,1.0,0.0,1,4.308245532169378,8.562125904236634,279.6014887602229,1.368837223234291
772,62.0,2,North,0.0,Self-Employed,449040.43,232805.8,Car,582.0,2,245,22.53,2020-04-13,1,0,2020,4,0,0.5184517572281854,40.833333333333336,1.0,0.0,1,3.158276202739271,4.746577714522328,270.78679690133066,-0.31994780057871836
773,57.0,2,South,0.0,Salaried,855710.37,271433.07,Education,634.0,3,78,84.89,2021-08-07,1,0,2021,8,5,0.31720203414152853,13.0,4.0,0.0,3,4.453067407778134,9.213576938409968,340.2148773816364,-0.07911416772893223
774,26.0,2,East,2.0,Self-Employed,529718.63,303062.58,Business,562.0,3,88,91.76,2018-09-15,1,0,2018,9,5,0.5721199195882539,14.666666666666666,1.0,0.0,1,4.530015512387331,9.579144011862438,287.1102211189329,0.10678019579962782
775,32.0,0,West,2.0,Salaried,595526.26,153539.99,Business,676.0,2,80,85.46,2018-04-23,1,0,2018,4,0,0.2578223670606901,13.333333333333334,2.0,0.0,2,4.4596818792394854,9.244457799135652,299.2647428281961,-0.8793767838454706
776,36.0,0,West,0.0,Salaried,291724.67,281585.73,Other,662.0,3,189,54.76,2016-09-09,0,0,2016,9,4,0.9652448317106674,31.5,0.0,0.0,0,4.0210567664522685,7.3999999999999995,232.37849254456728,-0.018429554518484194
777,47.0,2,East,2.0,Self-Employed,366055.07,339452.2,Home,744.0,2,290,15.78,2023-08-31,0,0,2023,8,3,0.9273254977727805,48.333333333333336,0.0,1.0,0,2.8201877010390604,3.972404813208241,251.86615635253673,0.3101433739708759
778,55.0,0,North,2.0,Self-Employed,501789.76,422011.07,Education,777.0,1,51,57.06,2019-01-25,0,0,2019,1,4,0.8410117217218621,8.5,1.0,1.0,1,4.061476958596484,7.553806987208503,281.65472351164686,0.7379441100691877
779,42.0,0,East,2.0,Salaried,80000.0,341029.32,Car,747.0,4,246,48.67,2023-09-26,0,0,2023,9,1,4.2628665,41.0,0.0,1.0,0,3.905401129119259,6.976388750635962,146.58605265628162,0.31872912464993286
780,37.0,2,South,0.0,Unemployed,281370.22,464465.18,Business,735.0,2,247,67.7,2020-10-12,0,0,2020,10,0,1.6507261500524115,41.166666666666664,0.0,1.0,0,4.229749199228304,8.228000972289685,229.41628309890947,0.9431613699110658
781,22.0,2,East,1.0,Unemployed,694708.41,404306.59,Home,833.0,3,208,18.98,2024-07-10,0,0,2024,7,2,0.5819802728456965,34.666666666666664,3.0,1.0,2,2.9947317732204075,4.356604182158393,316.0336376138092,0.6496287104022285
782,33.0,2,West,2.0,Self-Employed,80000.0,20000.0,Business,694.0,1,214,40.84,2025-10-04,0,0,2025,10,5,0.25,35.666666666666664,0.0,0.0,0,3.7338528197566676,6.390618123468183,146.58605265628162,-2.345752919568632
783,27.0,0,West,0.0,Unemployed,396311.0,326422.57,Other,580.0,3,99,12.06,2016-11-10,1,0,2016,11,3,0.8236525607414379,16.5,0.0,0.0,0,2.569554123848285,3.472751070837068,259.05932085488735,0.2385112472104427
784,37.0,1,East,1.0,Unemployed,533690.61,283646.49,Other,682.0,2,126,79.07,2023-04-17,1,0,2023,4,0,0.5314811328608536,21.0,1.0,0.0,1,4.382901252084542,8.892131353055914,287.8707980642728,-0.00623297653719514
785,44.0,2,West,2.0,Unemployed,678410.09,399905.19,Education,733.0,2,183,52.13,2018-07-07,0,0,2018,7,5,0.5894741188180147,30.5,3.0,1.0,2,3.972741740462852,7.220110802473879,313.3899626475306,0.6274044212960471
786,38.0,1,South,2.0,Salaried,1042676.41,353751.68,Business,584.0,2,40,35.91,2017-09-15,1,0,2017,9,4,0.3392727375504736,6.666666666666667,4.0,0.0,3,3.608482517041907,5.9924953066314535,364.83135904819557,0.3873457055104357
787,24.0,1,East,1.0,Unemployed,496169.62,412727.95,Education,663.0,2,47,45.34,2017-09-26,0,0,2017,9,1,0.8318283372528935,7.833333333333333,1.0,0.0,1,3.8360055190042304,6.73349834781297,280.53322659073456,0.6918497287089634
788,21.0,2,North,1.0,Self-Employed,559113.06,558362.14,Car,695.0,0,203,69.75,2021-01-18,0,0,2021,1,0,0.9986569442681235,33.833333333333336,2.0,0.0,1,4.259152536523347,8.351646544245034,292.6538510090122,1.369006561077158
789,46.0,2,East,3.0,Self-Employed,256193.72,273152.48,Education,667.0,1,208,87.5,2017-01-15,1,0,2017,1,6,1.0661950652030034,34.666666666666664,0.0,0.0,0,4.483002552013883,9.354143466934854,221.90562480716994,-0.06876587916420196
790,51.0,0,East,3.0,Salaried,654394.88,96004.62,Business,778.0,2,296,80.85,2019-06-07,1,0,2019,6,4,0.14670747423940725,49.333333333333336,3.0,1.0,2,4.404888303817144,8.99166280506559,309.41832950596034,-1.3744079999213694
791,42.0,1,North,3.0,Salaried,80000.0,508868.39,Other,733.0,4,166,94.69,2023-07-04,1,0,2023,7,1,6.360854875,27.666666666666668,0.0,1.0,0,4.561113799791172,9.730878685915265,146.58605265628162,1.1489469937557513
792,59.0,1,West,2.0,Self-Employed,224880.86,406975.85,Home,661.0,2,74,80.81,2017-12-18,1,0,2017,12,0,1.8097398329052994,12.333333333333334,0.0,0.0,0,4.404399485525607,8.98943824718764,211.86239537908693,0.663053725671948
793,54.0,1,South,1.0,Self-Employed,855612.07,219985.24,Business,480.0,2,96,47.97,2018-01-19,1,0,2018,1,4,0.2571086216677612,16.0,4.0,0.0,3,3.891207865714226,6.926037828369117,340.20105712118146,-0.4038050268541266
794,27.0,2,West,1.0,Self-Employed,678249.08,241115.75,Car,696.0,3,139,60.94,2021-07-02,0,0,2021,7,4,0.35549734914494835,23.166666666666668,3.0,0.0,2,4.126166174545057,7.806407624509497,313.3636413152135,-0.26670180788762465
795,48.0,1,West,2.0,Unemployed,541268.93,165972.74,Car,743.0,1,282,52.81,2021-09-29,0,0,2021,9,2,0.306636370205103,47.0,2.0,1.0,1,3.9854593235013285,7.267048919609665,289.31180262119085,-0.7842226479021009
796,24.0,0,North,0.0,Self-Employed,131639.67,282786.24,Education,723.0,3,141,90.44,2025-12-03,1,0,2025,12,2,2.1481840542444384,23.5,0.0,1.0,0,4.515683019486556,9.509994742374992,175.1023268434295,-0.011319484631882806
797,43.0,1,South,1.0,Self-Employed,727662.25,250819.01,Home,575.0,1,267,19.59,2018-07-30,1,0,2018,7,0,0.3446915241240012,44.5,3.0,0.0,2,3.0248055210396982,4.426059195266146,321.25837027704966,-0.20556352184513757
798,36.0,1,West,3.0,Self-Employed,664160.7,20000.0,Business,667.0,3,237,52.99,2025-04-01,0,0,2025,4,1,0.030113193990550784,39.5,3.0,0.0,2,3.9887988442301956,7.2794230540613585,311.0446334660034,-2.345752919568632
799,45.0,0,West,0.0,Salaried,390129.6,498325.07,Other,788.0,2,146,42.65,2021-10-13,0,0,2021,10,2,1.2773321224536667,24.333333333333332,0.0,1.0,0,3.776203282285611,6.5306967469022785,257.61949009615034,1.1008413626524014
800,53.0,1,East,0.0,Self-Employed,1047917.68,300166.49,Other,556.0,4,28,34.86,2023-12-07,1,0,2023,12,3,0.28644090631241187,4.666666666666667,4.0,0.0,3,3.5796224681769866,5.904235767650205,365.4784244730471,0.09013468333915875
801,53.0,1,North,0.0,Unemployed,633582.03,202754.95,Car,736.0,4,242,31.69,2018-07-30,0,0,2018,7,0,0.32001373208138495,40.333333333333336,2.0,1.0,2,3.487069220736119,5.629387178015028,305.8990198970578,-0.5200567252154772
802,53.0,1,East,2.0,Salaried,468078.7,67676.42,Home,699.0,2,56,19.64,2023-05-28,0,0,2023,5,6,0.14458342154855583,9.333333333333334,1.0,0.0,1,3.027230940613362,4.431703961232068,274.8003727345859,-1.6683576235873039
803,34.0,0,East,1.0,Salaried,399299.25,67562.84,Home,760.0,2,135,56.1,2021-01-11,0,0,2021,1,0,0.16920352342259595,22.5,0.0,1.0,0,4.044804116661965,7.489993324429602,259.75014707330945,-1.6696377670951177
804,53.0,0,East,3.0,Unemployed,481066.05,144777.76,Other,764.0,1,144,51.49,2018-11-02,0,0,2018,11,4,0.3009519378887785,24.0,1.0,1.0,1,3.9606226752642084,7.175653280364095,277.47785286443883,-0.9485391680010763
805,25.0,2,East,3.0,Unemployed,350389.79,543488.5,Car,839.0,3,25,90.24,2022-03-11,1,0,2022,3,4,1.551096851309509,4.166666666666667,0.0,1.0,0,4.5134933974161875,9.499473669630333,247.98927953876967,1.3038332827527785
806,45.0,0,West,2.0,Salaried,698228.38,380665.23,Car,704.0,0,155,11.0,2020-11-16,0,0,2020,11,0,0.5451872781223817,25.833333333333332,3.0,1.0,2,2.4849066497880004,3.3166247903554,316.5992940183818,0.5289342185156864
807,45.0,0,North,1.0,Salaried,375539.84,461846.28,Car,720.0,6,254,35.14,2020-12-15,1,0,2020,12,1,1.2298196644063117,42.333333333333336,0.0,1.0,0,3.5874002851640823,5.927900134111573,254.16133610520544,0.9307532215909905
808,37.0,1,North,1.0,Salaried,457359.08,285307.09,Education,778.0,0,48,37.25,2019-07-20,0,0,2019,7,5,0.6238142030546328,8.0,1.0,1.0,1,3.644143560272545,6.103277807866851,272.55383334323966,0.0035662503137978657
809,59.0,2,North,3.0,Unemployed,743273.48,148671.75,Education,700.0,2,229,86.6,2023-02-23,1,0,2023,2,3,0.20002294444838797,38.166666666666664,3.0,0.0,2,4.472780997942346,9.305912099305473,323.6799258051282,-0.9175766691334848
810,33.0,2,North,0.0,Unemployed,487749.36,220817.17,Home,687.0,5,73,85.99,2026-03-28,1,0,2026,3,5,0.45272672423393856,12.166666666666666,1.0,0.0,1,4.46579316951945,9.273079315955407,278.8374237861175,-0.39829782099522204
811,52.0,2,North,0.0,Unemployed,2121677.8,80000.0,Home,622.0,2,220,68.26,2026-03-25,0,0,2026,3,2,0.037706007952762674,36.666666666666664,4.0,0.0,3,4.237867538974276,8.261961026293939,468.84726229164295,-1.534754908670528
812,43.0,0,West,3.0,Self-Employed,593744.21,423034.86,Other,683.0,4,235,81.56,2019-05-29,1,0,2019,5,2,0.7124867120809482,39.166666666666664,2.0,0.0,1,4.4135253017332525,9.03105752390051,298.947413343432,0.7429995473914419
813,38.0,0,West,1.0,Salaried,80000.0,300845.37,Home,748.0,4,129,92.82,2018-03-30,1,0,2018,3,4,3.760567125,21.5,0.0,1.0,0,4.541378052900312,9.634313675607618,146.58605265628162,0.09404306866246126
814,56.0,0,West,0.0,Unemployed,264132.43,696301.79,Other,727.0,2,150,24.66,2024-01-23,0,0,2024,1,1,2.6361843943206824,25.0,0.0,1.0,0,3.2449333591874905,4.965883607174055,224.32370878310033,1.9398312377128568
815,39.0,0,South,3.0,Salaried,508679.79,658195.16,Other,694.0,2,239,84.89,2024-09-07,1,0,2024,9,5,1.2939282687051517,39.833333333333336,1.0,0.0,1,4.453067407778134,9.213576938409968,283.018553041925,1.787670801101401
816,46.0,2,North,2.0,Salaried,531766.67,331289.79,Home,757.0,0,254,45.23,2020-12-09,0,0,2020,12,2,0.6229984101861817,42.333333333333336,1.0,1.0,1,3.833628938000134,6.72532527094415,287.50285195892786,0.26541753367364435
817,24.0,0,South,1.0,Self-Employed,528391.62,372578.01,Other,635.0,0,106,40.2,2017-04-06,0,0,2017,4,3,0.7051171818356998,17.666666666666668,1.0,0.0,1,3.7184382563554808,6.340346993658944,286.8552928073465,0.4868763495215074
818,29.0,1,East,3.0,Self-Employed,673875.12,210166.09,Car,768.0,0,230,11.35,2026-02-19,0,0,2026,2,3,0.31187690977521176,38.333333333333336,3.0,1.0,2,2.513656063073986,3.3689761055846033,312.6470445004579,-0.4695295193431653
819,26.0,1,West,1.0,Unemployed,2881110.45,1000177.44,Business,655.0,0,184,22.29,2022-12-21,0,0,2022,12,2,0.34714998170236755,30.666666666666668,4.0,0.0,3,3.1480240838962494,4.72122865364515,522.2721624314904,3.040001817479595
820,22.0,0,South,0.0,Salaried,213049.61,279671.06,Home,741.0,3,41,58.2,2025-06-04,0,0,2025,6,2,1.3127039284418311,6.833333333333333,0.0,1.0,0,4.0809215418899605,7.628892449104261,207.83145599854393,-0.029797579419611576
821,41.0,1,West,1.0,Salaried,775828.27,281651.49,Other,811.0,1,114,63.88,2023-11-07,0,0,2023,11,1,0.36303329085958674,19.0,3.0,1.0,3,4.1725394098071575,7.992496481075234,328.62545621484594,-0.01803973519813467
822,52.0,1,North,2.0,Unemployed,1235404.96,565466.57,Car,690.0,1,75,72.56,2018-10-19,0,0,2018,10,4,0.4577175811241684,12.5,4.0,0.0,3,4.298101399736121,8.518215775618742,387.3630540631402,1.3998605725024666
823,28.0,0,East,2.0,Self-Employed,364631.36,20000.0,Home,785.0,5,135,11.24,2020-10-08,1,0,2020,10,3,0.05484991746184421,22.5,0.0,1.0,0,2.50470927708418,3.352610922848042,251.51831761491226,-2.345752919568632
824,49.0,1,South,0.0,Self-Employed,543395.82,402762.81,Education,689.0,6,48,82.92,2017-07-14,1,0,2017,7,4,0.7411960033111775,8.0,2.0,0.0,1,4.4298639640880415,9.106041950265768,289.7138704119547,0.6418460621644162
825,60.0,2,East,3.0,Unemployed,307123.9,113910.96,Home,682.0,2,191,11.11,2016-10-16,0,0,2016,10,6,0.3708957850561288,31.833333333333332,0.0,0.0,0,2.494031557565001,3.3331666624997918,236.66020666990974,-1.2087123922210186
826,23.0,1,North,0.0,Salaried,605432.37,184180.92,Car,553.0,3,52,46.46,2018-09-24,1,0,2018,9,0,0.30421386289603247,8.666666666666666,2.0,0.0,2,3.8598872510076174,6.816157275180789,301.01757691214164,-0.6504796142638626
827,50.0,0,East,3.0,Unemployed,353790.57,385272.12,Education,746.0,2,178,71.15,2022-05-20,0,0,2022,5,4,1.0889835757917459,29.666666666666668,0.0,1.0,0,4.27874728521988,8.435045939412541,248.84033205540828,0.5527126483735134
828,51.0,2,North,2.0,Self-Employed,439763.1,483096.1,Car,681.0,1,244,49.06,2019-08-02,0,0,2019,8,4,1.0985371442033223,40.666666666666664,1.0,0.0,0,3.913222286003628,7.004284403134984,268.7908641234343,1.030539711535078
829,32.0,1,West,3.0,Self-Employed,181014.75,316261.87,Education,524.0,2,264,82.65,2019-06-22,1,0,2019,6,5,1.7471607700477447,44.0,0.0,0.0,0,4.426641427432833,9.091204540653566,196.13055062108967,0.18175328984880076
830,51.0,0,West,3.0,Unemployed,822502.53,275706.78,Car,715.0,1,179,20.67,2021-01-25,0,0,2021,1,0,0.3352047804643227,29.833333333333332,4.0,1.0,3,3.075928815548268,4.546427168667722,335.4861623905204,-0.05344680502080077
831,63.0,1,South,0.0,Salaried,684370.52,260503.83,Home,667.0,4,269,72.05,2019-01-10,0,0,2019,1,3,0.3806473575162179,44.833333333333336,3.0,0.0,2,4.291144138196708,8.488227141164401,314.3615112350397,-0.1455948110806763
832,62.0,0,West,3.0,Salaried,297459.76,497344.78,Other,668.0,3,183,20.06,2023-03-05,0,0,2023,3,6,1.6719733116170066,30.5,0.0,0.0,0,3.0473755067058295,4.4788391353117385,233.98989114583924,1.096345440211906
833,51.0,0,East,0.0,Unemployed,845346.0,400412.43,Car,676.0,2,126,44.8,2022-08-20,0,0,2022,8,5,0.4736669127197621,21.0,4.0,0.0,3,3.824284091120139,6.6932802122726045,338.75200887344903,0.6299712600145474
834,28.0,0,West,0.0,Self-Employed,127071.4,78688.29,Business,761.0,2,146,35.31,2016-07-16,0,0,2016,7,5,0.6192446923540623,24.333333333333332,0.0,1.0,0,3.5920931854262443,5.942221806698232,172.91191831534454,-1.5485118574651002
835,26.0,1,North,2.0,Unemployed,781862.84,421086.36,Education,762.0,1,23,43.03,2023-05-31,0,0,2023,5,2,0.5385680690490419,3.8333333333333335,3.0,1.0,3,3.7848712197676626,6.55972560401729,329.52730917211426,0.7333731763143446
836,57.0,1,South,2.0,Unemployed,202584.81,290508.91,Other,627.0,2,226,43.5,2026-01-19,0,0,2026,1,0,1.4340113160507937,37.666666666666664,0.0,0.0,0,3.7954891891721947,6.59545297913646,204.14308338423413,0.03409720761628058
837,62.0,2,North,3.0,Unemployed,328519.37,253466.85,Car,793.0,3,40,85.22,2020-05-28,1,0,2020,5,3,0.7715430904424296,6.666666666666667,0.0,1.0,0,4.4569021693189885,9.231467922275417,242.38370737127084,-0.18906595631679812
838,43.0,0,East,3.0,Self-Employed,593744.21,463034.34,Other,683.0,2,107,34.85,2025-04-09,0,0,2025,4,2,0.7798549142904485,17.833333333333332,2.0,0.0,1,3.5793435670456293,5.903388857258177,298.947413343432,0.9363860757611147
839,27.0,2,North,0.0,Unemployed,900732.31,431333.69,Car,826.0,3,263,19.19,2018-04-10,0,0,2018,4,1,0.4788700096702426,43.833333333333336,4.0,1.0,3,3.005187432324746,4.380639222761902,346.43929928538824,0.7837772753786449
840,23.0,2,West,3.0,Salaried,427414.24,172085.68,Home,724.0,0,70,36.7,2021-06-19,0,0,2021,6,5,0.4026203712819676,11.666666666666666,1.0,1.0,0,3.629660094453965,6.058052492344384,266.0912387956837,-0.7386170355297162
841,49.0,0,East,1.0,Self-Employed,448773.31,374668.25,Education,722.0,2,38,53.33,2017-11-11,0,0,2017,11,5,0.834871953503652,6.333333333333333,1.0,1.0,1,3.9950765605634317,7.302739212103908,270.72970473897016,0.4977857932503307
842,64.0,1,South,3.0,Self-Employed,760575.31,312615.7,Car,631.0,2,255,92.35,2019-07-02,1,0,2019,7,1,0.4110253066195378,42.5,3.0,0.0,3,4.536355869987732,9.609890738192604,326.3254424276493,0.16118596786347641
843,36.0,1,West,3.0,Unemployed,666483.15,321137.65,Business,692.0,0,150,80.25,2022-01-11,1,0,2022,1,1,0.4818391132619032,25.0,3.0,0.0,2,4.3975308212098465,8.958236433584458,311.429102889358,0.20909044391437204
844,44.0,1,West,3.0,Self-Employed,439920.31,445076.72,Home,719.0,1,218,59.85,2018-07-10,0,0,2018,7,1,1.0117212365121309,36.333333333333336,1.0,1.0,0,4.108411819433536,7.736278174936576,268.82491303419454,0.8505368367814659
845,47.0,0,North,0.0,Self-Employed,577007.88,137712.84,Business,647.0,1,230,86.08,2018-09-06,1,0,2018,9,3,0.23866717383478367,38.333333333333336,2.0,0.0,1,4.466827236366346,9.277930803794561,295.9365427831872,-1.0056889157964022
846,29.0,1,North,0.0,Unemployed,621131.75,269866.47,Other,652.0,0,141,53.88,2025-08-27,0,0,2025,8,2,0.4344754071901814,23.5,2.0,0.0,2,4.00514898341763,7.340299721401028,303.75775178669676,-0.08856850212189468
847,55.0,2,East,1.0,Unemployed,802644.48,435106.16,Business,606.0,2,288,76.64,2022-03-09,1,0,2022,3,2,0.5420907647679829,48.0,4.0,0.0,3,4.35208275830081,8.754427451295715,332.59893249549583,0.8021970402804053
848,22.0,0,East,0.0,Salaried,760240.2,451316.8,Business,577.0,1,168,33.29,2022-12-07,1,0,2022,12,2,0.593650270006769,28.0,3.0,0.0,3,3.534853766474829,5.769748694700662,326.2745759336311,0.8805424113234706
849,46.0,0,West,2.0,Unemployed,733600.25,310405.17,Business,569.0,3,158,18.14,2023-01-17,1,0,2023,1,1,0.42312576910926625,26.333333333333332,3.0,0.0,2,2.9517803860248084,4.259107887809371,322.1833893427591,0.14866417783151994
850,44.0,1,North,1.0,Salaried,782586.05,268733.77,Education,610.0,0,295,31.88,2019-09-17,0,0,2019,9,1,0.34339197587281295,49.166666666666664,3.0,0.0,3,3.492864570187979,5.646237685397241,329.6350876166567,-0.09541968244890486
851,51.0,0,East,2.0,Unemployed,497718.4,324077.23,Home,753.0,2,219,50.22,2022-09-04,0,0,2022,9,6,0.651125676687862,36.5,1.0,1.0,1,3.9361300807713793,7.08660708661063,280.8431049453682,0.22548157576266978
852,61.0,1,South,3.0,Salaried,715526.09,440664.8,Business,603.0,1,167,60.08,2024-12-06,0,0,2024,12,4,0.6158612609080404,27.833333333333332,3.0,0.0,2,4.1121844803504315,7.751128950030441,319.352445429414,0.8292075371768745
853,41.0,1,East,1.0,Salaried,477109.52,88091.14,Home,638.0,3,268,19.29,2025-10-05,0,0,2025,10,6,0.18463504983090673,44.666666666666664,1.0,0.0,1,3.0101281538377234,4.3920382511995495,276.66719702826344,-1.4520481880625622
854,53.0,0,South,3.0,Salaried,754758.24,258011.32,Education,640.0,4,133,85.47,2016-10-16,1,0,2016,10,6,0.3418463109458732,22.166666666666668,3.0,0.0,2,4.459797532972339,9.244998647917695,325.44039164834567,-0.16093116123488874
855,42.0,1,West,0.0,Unemployed,674883.13,213560.71,Other,757.0,1,215,64.64,2025-10-17,0,0,2025,10,4,0.31644102587065703,35.833333333333336,3.0,1.0,2,4.18418526622189,8.039900496896712,312.81245650400234,-0.4466542429407639
856,27.0,1,West,3.0,Unemployed,755973.99,613579.49,Other,745.0,2,124,10.84,2022-10-25,0,0,2022,10,1,0.8116410063261568,20.666666666666668,3.0,1.0,2,2.4714836294558595,3.2924155266308657,325.6257297396314,1.6043821225149308
857,49.0,2,South,3.0,Salaried,450084.09,20000.0,Other,541.0,4,285,41.43,2024-08-20,1,0,2024,8,1,0.04443614081093157,47.5,1.0,0.0,1,3.7478556592142334,6.436614016701639,271.00964955511995,-2.345752919568632
858,36.0,2,North,3.0,Unemployed,1075280.18,278957.96,Business,716.0,4,114,82.28,2016-06-29,1,0,2016,6,2,0.2594281613188481,19.0,4.0,1.0,3,4.422208424306714,9.070832376358853,368.82280608696306,-0.03404044226735009
859,21.0,2,South,1.0,Unemployed,1124683.09,92188.59,Car,682.0,1,144,73.6,2024-09-30,0,0,2024,9,0,0.08196850367866737,24.0,4.0,0.0,3,4.312140507209715,8.579044235810887,374.7237690098435,-1.4114724104710297
860,43.0,1,West,2.0,Self-Employed,593744.21,410901.91,Business,683.0,5,247,73.1,2024-08-24,1,0,2024,8,5,0.6920520707056663,41.166666666666664,2.0,0.0,1,4.3054155323020415,8.549853799919621,298.947413343432,0.6827279537635011
861,41.0,0,South,2.0,Self-Employed,673512.6,242332.19,Education,678.0,2,131,34.65,2023-11-12,0,0,2023,11,6,0.35980349885065255,21.833333333333332,3.0,0.0,2,3.573749146860305,5.886425061104575,312.5875165659076,-0.25897727658510833
862,56.0,0,West,1.0,Salaried,504998.94,349517.07,Business,614.0,1,142,89.36,2023-02-13,1,0,2023,2,0,0.6921144626560999,23.666666666666668,1.0,0.0,1,4.5038016915998025,9.453041838477178,282.2914594478868,0.3646321256390699
863,42.0,2,East,2.0,Unemployed,784406.48,194118.15,Other,708.0,2,272,91.92,2023-11-03,1,0,2023,11,4,0.24747137479027456,45.333333333333336,3.0,1.0,3,4.531738907902208,9.587491851365508,329.9060964377807,-0.5800018542819494
864,26.0,2,South,1.0,Salaried,620730.14,446814.13,Other,660.0,2,132,70.24,2023-01-04,0,0,2023,1,2,0.7198202587681661,22.0,2.0,0.0,2,4.266054458421461,8.380930735902785,303.68821858548995,0.8589101434677234
865,55.0,2,East,2.0,Unemployed,722861.38,265637.85,Car,589.0,2,67,18.98,2016-07-08,1,0,2016,7,4,0.3674810376506765,11.166666666666666,3.0,0.0,2,2.9947317732204075,4.356604182158393,320.50690296248405,-0.11421213061347767
866,37.0,2,South,2.0,Unemployed,394546.29,177840.27,Home,800.0,3,114,71.37,2020-04-23,0,0,2020,4,3,0.45074627365017167,19.0,0.0,1.0,0,4.281791848878036,8.448076704197234,258.64976395934434,-0.6963471503618633
867,46.0,0,West,3.0,Unemployed,229604.81,99079.53,Other,690.0,1,87,65.32,2023-10-09,0,0,2023,10,0,0.4315220138463127,14.5,0.0,0.0,0,4.1944915108270395,8.0820789404707,213.43336844694522,-1.3450223112031177
868,44.0,0,West,0.0,Unemployed,518441.57,20000.0,Home,669.0,2,70,21.4,2020-05-06,0,0,2020,5,2,0.038577153448555446,11.666666666666666,1.0,0.0,1,3.109060958860994,4.626013402488151,284.93043948094004,-2.345752919568632
869,36.0,1,West,1.0,Salaried,490075.01,210686.52,Home,682.0,2,229,27.62,2017-04-25,0,0,2017,4,1,0.42990667897961166,38.166666666666664,1.0,0.0,1,3.3541057741283047,5.2554733373883655,279.3076871788458,-0.46601176218646545
870,30.0,1,East,1.0,Self-Employed,783930.33,371587.38,Education,799.0,3,37,19.43,2021-12-31,0,0,2021,12,4,0.4740056173104057,6.166666666666667,3.0,1.0,3,3.0170044088295307,4.407947368106838,329.83525109320743,0.481696397118755
871,32.0,1,North,2.0,Salaried,298060.15,421366.92,Other,612.0,1,184,86.34,2017-04-13,1,0,2017,4,3,1.413697604325838,30.666666666666668,0.0,0.0,0,4.469808548057415,9.291931984253868,234.1574135021261,0.7347604897006381
872,54.0,1,East,3.0,Salaried,479254.02,319405.2,Other,489.0,2,77,78.37,2021-03-25,1,0,2021,3,3,0.6664632672251763,12.833333333333334,1.0,0.0,1,4.374120463102784,8.852683209061533,277.1071243890479,0.1993986259426953
873,49.0,2,South,3.0,Salaried,773304.4,20000.0,Other,609.0,2,168,54.77,2017-03-23,0,0,2017,3,3,0.025863036599817615,28.0,3.0,0.0,3,4.021236090401462,7.400675644831356,328.2469185466067,-2.345752919568632
874,37.0,2,East,0.0,Self-Employed,516855.16,278586.11,Business,602.0,2,105,22.98,2021-07-08,0,0,2021,7,3,0.5390022806389319,17.5,1.0,0.0,1,3.177220149599368,4.793745925682754,284.62133450602425,-0.0362548446859278
875,48.0,0,East,0.0,Salaried,896254.91,109453.69,Education,652.0,3,199,77.22,2021-04-29,1,0,2021,4,3,0.12212339232819377,33.166666666666664,4.0,0.0,3,4.359525369327368,8.787491109526085,345.82946095724253,-1.2487898461278308
876,51.0,1,West,1.0,Unemployed,1025661.17,109696.2,Education,822.0,3,147,27.86,2022-03-14,0,0,2022,3,0,0.10695169438850843,24.5,4.0,1.0,3,3.3624565533457247,5.278257288158659,362.7160550660247,-1.2465906285511839
877,27.0,2,South,1.0,Self-Employed,832826.59,291656.88,Business,677.0,4,141,19.18,2024-01-08,0,0,2024,1,0,0.3502012105545285,23.5,4.0,0.0,3,3.004692014925463,4.379497688091638,336.96935468324693,0.04080171355046652
878,53.0,1,North,1.0,Salaried,578208.34,148212.7,Other,715.0,0,292,43.84,2017-11-02,0,0,2017,11,3,0.256330961950497,48.666666666666664,2.0,1.0,1,3.8031005982039594,6.6211781428987395,296.1543794545563,-0.9212075889569588
879,33.0,1,West,0.0,Self-Employed,466146.13,206079.52,Education,723.0,0,80,11.53,2023-05-01,0,0,2023,5,0,0.44209209674228117,13.333333333333334,1.0,1.0,1,2.528125768907977,3.395585369269929,274.39784589920436,-0.49728955260751323
880,32.0,2,East,1.0,Salaried,740899.36,281434.96,Other,754.0,2,56,75.56,2017-10-30,1,0,2017,10,0,0.3798558551865938,9.333333333333334,3.0,1.0,2,4.338074747144699,8.692525524840292,323.3138044724799,-0.01932346021383693
881,64.0,0,North,2.0,Self-Employed,356012.67,399324.72,Car,678.0,1,24,13.43,2019-08-04,0,0,2019,8,6,1.1216587319771512,4.0,0.0,0.0,0,2.6693093727857793,3.664696440361739,249.3935516322247,0.6244652094036867
882,64.0,1,South,2.0,Unemployed,499486.3,411653.67,Home,732.0,6,108,73.47,2022-12-12,1,0,2022,12,0,0.8241540758975772,18.0,1.0,1.0,1,4.310396359722554,8.57146428563988,281.1960602949318,0.686485491771479
883,26.0,2,East,3.0,Unemployed,467308.53,142004.05,Other,823.0,2,59,49.49,2026-03-17,0,0,2026,3,1,0.30387643469722236,9.833333333333334,1.0,1.0,1,3.921775296870824,7.034912934784623,274.6400868548504,-0.9708232117189889
884,43.0,0,North,2.0,Self-Employed,593744.21,145664.49,Car,683.0,2,36,49.32,2021-01-23,0,0,2021,1,5,0.24533205974336997,6.0,2.0,0.0,1,3.918402612392185,7.022819946431775,298.947413343432,-0.9414558042634733
885,36.0,1,North,1.0,Self-Employed,654597.25,493329.51,Other,669.0,3,127,47.09,2022-09-06,0,0,2022,9,1,0.7536382256417973,21.166666666666668,3.0,0.0,2,3.873074255289571,6.862215385719105,309.45218956303876,1.077888335117355
886,45.0,2,West,0.0,Self-Employed,269776.93,92785.1,Car,697.0,1,200,49.99,2019-04-06,0,0,2019,4,5,0.34393267059566585,33.333333333333336,0.0,0.0,0,3.9316295350670645,7.070360669725414,226.01442341340768,-1.4056336684479187
887,50.0,1,East,2.0,Self-Employed,964480.26,435316.13,Education,699.0,2,240,47.15,2021-08-06,0,0,2021,8,4,0.45134788969138673,40.0,4.0,0.0,3,3.8743211382441345,6.866585760041158,354.91619405498795,0.8032201392601693
888,38.0,1,West,0.0,Salaried,620007.24,421653.87,Education,850.0,2,246,23.65,2017-07-25,0,0,2017,7,1,0.6800789455297328,41.0,2.0,1.0,2,3.204776900488699,4.863126566315131,303.56298482617865,0.7361789700779515
889,26.0,0,South,1.0,Salaried,814421.37,40102.9,Education,831.0,2,257,61.51,2024-10-14,0,0,2024,10,0,0.04924097215179901,42.833333333333336,4.0,1.0,3,4.135326543943721,7.842831121476478,334.3167368156952,-2.0151057550969873
890,46.0,0,North,3.0,Self-Employed,772474.35,20502.84,Other,761.0,2,189,82.25,2022-12-07,1,0,2022,12,2,0.026541774493871545,31.5,3.0,1.0,3,4.421848128860553,9.069178573608527,328.12224985694473,-2.3359980858588294
891,24.0,2,East,0.0,Unemployed,860632.82,232446.83,Education,660.0,0,57,54.48,2024-12-26,0,0,2024,12,3,0.27008827062858237,9.5,4.0,0.0,3,4.016022595446631,7.381056834898374,340.9056236142863,-0.32226702734232876
892,63.0,2,West,3.0,Salaried,881330.33,136464.74,Education,668.0,0,271,37.05,2022-07-07,0,0,2022,7,3,0.15483949134032413,45.166666666666664,4.0,0.0,3,3.6389010843076948,6.08687111741328,343.78227528952084,-1.0159211463273097
893,60.0,2,South,2.0,Unemployed,452245.39,366008.99,Home,554.0,1,142,76.58,2018-08-21,1,0,2018,8,1,0.809315026959147,23.666666666666668,1.0,0.0,1,4.351309662011821,8.750999942863672,271.4700871222515,0.4524103940131611
894,52.0,1,South,0.0,Unemployed,714303.27,185945.45,Home,648.0,1,27,32.63,2024-01-23,0,0,2024,1,1,0.2603172319230738,4.5,3.0,0.0,2,3.515418525752178,5.712267500739089,319.159246770276,-0.6378422562751056
895,62.0,1,South,3.0,Salaried,500721.17,293779.23,Car,592.0,1,124,56.15,2022-01-30,1,0,2022,1,6,0.5867122214944497,20.666666666666668,1.0,0.0,1,4.04567939024082,7.493330367733695,281.44211705744016,0.0531656841592878
896,35.0,2,West,0.0,Unemployed,1049166.3,382935.78,Car,605.0,2,99,33.67,2026-02-16,0,0,2026,2,0,0.3649905453501509,16.5,4.0,0.0,3,3.545874759696932,5.8025856305616035,365.63226381748615,0.5406697473722969
897,28.0,1,West,2.0,Salaried,686674.41,197232.6,Home,732.0,1,107,91.33,2022-01-05,1,0,2022,1,2,0.2872287027559393,17.833333333333332,3.0,1.0,2,4.525369115784536,9.556673061269805,314.7355722358186,-0.5582496217096653
898,26.0,1,North,1.0,Self-Employed,578597.99,427765.82,Other,769.0,4,174,61.97,2022-01-10,0,0,2022,1,0,0.7393143899445624,29.0,2.0,1.0,1,4.142658422500651,7.87210264160726,296.2250225966284,0.7662896275821978
899,33.0,1,South,2.0,Self-Employed,665206.4,372111.87,Business,700.0,1,48,10.26,2018-10-21,0,0,2018,10,6,0.5593930996454634,8.0,3.0,0.0,2,2.421256622711544,3.2031234756093934,311.2178514830872,0.48443970156489247
900,43.0,0,West,3.0,Self-Employed,593744.21,270979.08,Home,683.0,1,219,53.68,2023-01-01,0,0,2023,1,6,0.45639026947311206,36.5,2.0,0.0,1,4.001498011855749,7.326663633605681,298.947413343432,-0.08185143449763348
901,35.0,0,North,0.0,Unemployed,622380.51,310080.52,Other,602.0,1,278,46.08,2020-07-17,0,0,2020,7,4,0.4982169509131962,46.333333333333336,2.0,0.0,2,3.851848282392076,6.788225099390856,303.9737709298503,0.14682178434030044
902,43.0,1,North,0.0,Self-Employed,593744.21,403377.07,Other,683.0,3,79,87.86,2022-08-02,1,0,2022,8,1,0.6793785323818148,13.166666666666666,2.0,0.0,1,4.487062097507763,9.37336652436039,298.947413343432,0.6449443337939443
903,43.0,1,East,2.0,Self-Employed,593744.21,138070.07,Home,683.0,1,76,51.09,2016-05-13,0,0,2016,5,4,0.2325413329083243,12.666666666666666,2.0,0.0,1,3.9529729917571004,7.147726911403373,298.947413343432,-1.0027679529232534
904,62.0,0,West,3.0,Self-Employed,881837.52,478663.6,Home,668.0,2,153,19.16,2024-07-28,0,0,2024,7,6,0.5428024881499711,25.5,4.0,0.0,3,3.0037004432031678,4.377213725647858,343.852213880779,1.009891056452597
905,62.0,0,South,1.0,Salaried,588484.65,240968.05,Business,734.0,2,62,76.92,2022-01-28,1,0,2022,1,4,0.4094721077261743,10.333333333333334,2.0,1.0,1,4.3556826593342794,8.77040477971228,298.00722255390554,-0.26764091331995193
906,56.0,2,East,1.0,Self-Employed,867478.36,175423.16,Education,647.0,5,254,60.56,2021-02-13,1,0,2021,2,5,0.20222194361136572,42.333333333333336,4.0,0.0,3,4.120012308970678,7.782030583337488,341.8619773945883,-0.7140256652742036
907,63.0,1,South,0.0,Salaried,953095.17,309531.01,Home,569.0,0,162,91.57,2019-10-30,1,0,2019,10,2,0.3247640107125923,27.0,4.0,0.0,3,4.52796511507912,9.569221493935649,353.4295344809361,0.14370132611897132
908,43.0,2,West,0.0,Self-Employed,209875.46,143274.55,Car,822.0,2,82,34.5,2025-03-19,0,0,2025,3,2,0.6826646145290164,13.666666666666666,0.0,1.0,0,3.56953269648137,5.873670062235365,206.72538544961995,-0.9605918814744827
909,50.0,2,East,1.0,Self-Employed,504648.87,356992.43,Other,703.0,5,239,43.42,2017-02-24,1,0,2017,2,4,0.7074075683553993,39.833333333333336,1.0,1.0,1,3.7936898184662815,6.589385403814228,282.22212968731725,0.40464581290222956
910,25.0,1,South,1.0,Salaried,784886.3,149802.8,Other,606.0,1,264,24.69,2025-06-29,0,0,2025,6,6,0.19085923655439008,44.0,3.0,0.0,3,3.2461018111217923,4.968903299521938,329.9774595916108,-0.9086519573160743
911,43.0,0,South,0.0,Salaried,359233.72,195268.34,Other,641.0,0,68,78.39,2016-07-28,1,0,2016,7,3,0.5435690725247062,11.333333333333334,0.0,0.0,0,4.374372415737022,8.853812738024224,250.1915057803359,-0.5719504114840451
912,51.0,1,West,0.0,Self-Employed,380805.37,400478.81,Home,729.0,2,121,44.25,2024-04-03,0,0,2024,4,2,1.0516627168361623,20.166666666666668,0.0,1.0,0,3.8122026701459353,6.652067347825035,255.41930276983143,0.6303070611586401
913,40.0,0,North,1.0,Unemployed,289422.43,44879.4,Other,679.0,5,203,64.42,2023-09-19,1,0,2023,9,1,0.15506538314946772,33.833333333333336,0.0,0.0,0,4.180828022110238,8.026207074328447,231.72584217507304,-1.9487174169146977
914,49.0,0,East,2.0,Salaried,574030.78,80830.25,Car,590.0,3,159,74.52,2018-08-03,1,0,2018,8,4,0.14081170002765356,26.5,2.0,0.0,1,4.324397521837245,8.632496741962894,295.39504236903184,-1.526099876773524
915,62.0,1,East,0.0,Salaried,900482.92,301318.27,Education,684.0,2,294,49.72,2026-03-19,0,0,2026,3,3,0.33461852891113136,49.0,4.0,0.0,3,3.9263203101289705,7.051241025521677,346.40538328322407,0.09676325809538219
916,52.0,0,West,2.0,Unemployed,533601.84,56848.76,Education,624.0,4,270,42.18,2017-08-06,0,0,2017,8,6,0.10653778855035434,45.0,1.0,0.0,1,3.7653774250866614,6.494613152451807,287.85384011443546,-1.7951211041053992
917,41.0,2,South,2.0,Self-Employed,362761.79,163964.57,Business,491.0,1,79,44.66,2020-04-05,1,0,2020,4,6,0.4519896376076433,13.166666666666666,0.0,0.0,0,3.821222641101649,6.6828137786414485,251.0602050126049,-0.7993691090797168
918,24.0,1,North,2.0,Salaried,1018217.05,243654.95,Car,575.0,1,181,47.47,2025-02-21,1,0,2025,2,4,0.23929568847820806,30.166666666666668,4.0,0.0,3,3.8809450498572846,6.8898476035395735,361.7834482860177,-0.2505973949481254
919,30.0,2,West,2.0,Self-Employed,244010.47,326779.38,Car,522.0,0,262,57.1,2019-07-07,1,0,2019,7,6,1.3392022891476747,43.666666666666664,0.0,0.0,0,4.062165663857866,7.556454194925025,218.09817237090996,0.24048982546447653
920,24.0,2,East,3.0,Self-Employed,229713.57,286117.52,Business,682.0,0,45,21.55,2019-04-23,0,0,2019,4,1,1.2455403483564336,7.5,0.0,0.0,0,3.1157350659486873,4.642197755374064,213.4692888743006,0.00833928178496409
921,40.0,0,East,3.0,Unemployed,472022.33,307567.98,Home,679.0,1,166,22.23,2023-01-28,0,0,2023,1,5,0.6515962496943735,27.666666666666668,1.0,0.0,1,3.145444546782318,4.7148700936505135,275.61843920142934,0.1325335954061068
922,64.0,1,North,2.0,Salaried,277266.28,261446.0,Other,754.0,3,58,25.98,2020-01-13,0,0,2020,1,0,0.9429419257184826,9.666666666666666,0.0,1.0,0,3.2950958507796098,5.0970579749498635,228.22264032931767,-0.1398148883553515
923,54.0,1,East,0.0,Unemployed,319707.67,20000.0,Home,779.0,6,120,78.51,2025-12-19,1,0,2025,12,4,0.06255714790952623,20.0,0.0,1.0,0,4.375882799913392,8.860586888011426,240.0566993890455,-2.345752919568632
924,64.0,1,North,3.0,Unemployed,232166.62,176125.08,Car,827.0,5,244,90.12,2022-10-13,1,0,2022,10,3,0.7586149981422824,40.666666666666664,0.0,1.0,0,4.512177319138927,9.493155429044656,214.27654698139483,-0.708880646461464
925,43.0,1,East,3.0,Self-Employed,593744.21,533445.12,Car,683.0,1,219,78.54,2017-09-07,1,0,2017,9,3,0.8984426475501968,36.5,2.0,0.0,1,4.376260039779544,8.86227961644181,298.947413343432,1.259369973756264
926,48.0,0,West,1.0,Unemployed,301365.62,20000.0,Education,609.0,2,27,46.22,2020-01-22,0,0,2020,1,2,0.06636457071646062,4.5,0.0,0.0,0,3.8548175316573667,6.798529252713413,235.075812268393,-2.345752919568632
927,39.0,1,West,0.0,Self-Employed,475031.31,183083.61,Education,741.0,0,86,89.18,2020-02-13,1,0,2020,2,3,0.38541377409417493,14.333333333333334,1.0,1.0,1,4.501807672992938,9.44351629426243,276.23964179024233,-0.6583659308308659
928,56.0,2,North,1.0,Unemployed,379957.67,113327.03,Car,715.0,1,73,82.64,2017-11-03,1,0,2017,11,4,0.2982622511607675,12.166666666666666,0.0,1.0,0,4.426521874560433,9.090654541890808,255.21754829216724,-1.2139220672505773
929,46.0,2,South,3.0,Salaried,958395.02,196838.33,Car,805.0,0,177,54.47,2020-04-19,0,0,2020,4,6,0.20538329800586816,29.5,4.0,1.0,3,4.015842334067143,7.380379394042016,354.1230127108679,-0.5609947230830695
930,37.0,2,South,3.0,Self-Employed,2317004.3,777454.2,Home,691.0,0,104,43.88,2016-08-20,0,0,2016,8,5,0.3355428386559317,17.333333333333332,4.0,0.0,3,3.803992261214441,6.624198064671678,483.641790999594,2.25186601363994
931,64.0,1,West,1.0,Salaried,461483.05,298284.91,Education,827.0,1,193,75.69,2023-11-11,1,0,2023,11,5,0.6463615727598229,32.166666666666664,1.0,1.0,1,4.339771321776768,8.7,273.42211042711017,0.07928136485449477
932,28.0,0,South,0.0,Unemployed,679478.12,464546.77,Car,638.0,1,48,58.15,2020-07-27,0,0,2020,7,0,0.6836817203179405,8.0,3.0,0.0,2,4.080076590424396,7.625614729318548,313.56445771657775,0.9435474302644011
933,22.0,2,East,3.0,Self-Employed,579366.15,289905.32,Business,700.0,2,39,44.3,2017-02-15,0,0,2017,2,2,0.5003836002500318,6.5,2.0,0.0,1,3.8133070324889884,6.6558245169174945,296.3641987843894,0.030567265875892227
934,59.0,1,North,2.0,Salaried,578131.45,20000.0,Other,686.0,1,251,38.81,2021-04-28,0,0,2021,4,2,0.03459420863542366,41.833333333333336,2.0,0.0,1,3.684118137012226,6.229767250869008,296.1404357255599,-2.345752919568632
935,56.0,2,East,2.0,Unemployed,528251.95,472573.06,Other,659.0,2,52,70.29,2024-10-21,0,0,2024,10,0,0.8945978524073599,8.666666666666666,1.0,0.0,1,4.266756065129537,8.383913167489272,286.8284370101732,0.9813774780755966
936,58.0,2,South,3.0,Unemployed,520552.45,237399.29,Business,526.0,2,235,16.15,2018-04-19,1,0,2018,4,3,0.45605258413441335,39.166666666666664,1.0,0.0,1,2.8419981736119486,4.018706259482023,285.34078428698245,-0.2904111525837706
937,38.0,0,North,2.0,Self-Employed,852488.87,100257.28,Car,598.0,1,203,71.24,2019-07-08,1,0,2019,7,0,0.11760538293010207,33.833333333333336,4.0,0.0,3,4.27999390910873,8.440379138403676,339.76142023641853,-1.3338760716197562
938,56.0,2,West,2.0,Self-Employed,198712.14,700035.78,Business,687.0,1,135,35.41,2024-08-12,0,0,2024,8,0,3.522863676069313,22.5,0.0,0.0,0,3.594843462187342,5.9506302187247355,202.7468054956846,1.954536965281351
939,43.0,0,North,1.0,Self-Employed,593744.21,248677.7,Car,683.0,1,56,54.67,2021-07-07,0,0,2021,7,2,0.4188296842507315,9.333333333333334,2.0,0.0,1,4.019441402195416,7.3939164182454755,298.947413343432,-0.2189625629784895
940,50.0,1,North,2.0,Salaried,734369.68,140095.17,Car,675.0,1,239,18.9,2019-09-15,0,0,2019,9,6,0.1907692730451508,39.833333333333336,3.0,0.0,2,2.990719731730447,4.347413023856832,322.3028945635188,-0.9862732467190855
941,28.0,1,South,2.0,Unemployed,937294.76,303664.78,Home,705.0,0,33,80.78,2022-01-23,1,0,2022,1,6,0.3239800252377385,5.5,4.0,1.0,3,4.404032714936497,8.987769467448528,351.34709374615835,0.11023237834108286
942,59.0,2,South,3.0,Self-Employed,850559.04,590854.91,Home,748.0,2,194,18.37,2024-06-02,0,0,2024,6,6,0.694666545428757,32.333333333333336,4.0,1.0,3,2.9637254774189046,4.286023798347368,339.4892449473644,1.5087191018389088
943,58.0,0,West,3.0,Salaried,530777.66,199241.88,Other,579.0,2,35,40.28,2022-03-21,1,0,2022,3,0,0.3753772907473159,5.833333333333333,1.0,0.0,1,3.720378121173307,6.346652661048973,287.3133711511332,-0.5442982510518759
944,64.0,1,West,0.0,Salaried,461245.82,283587.52,Home,625.0,1,114,82.15,2018-07-20,1,0,2018,7,4,0.6148294633867902,19.0,1.0,0.0,1,4.420646205638937,9.063663718386731,273.3722999691907,-0.006581433842334464
945,22.0,1,South,1.0,Unemployed,796296.27,33347.86,Other,737.0,5,60,22.56,2018-11-27,1,0,2018,11,1,0.04187870928994807,10.0,4.0,1.0,3,3.159550358783386,4.749736834815167,331.6661719590876,-2.115425196094965
946,57.0,1,South,0.0,Salaried,541568.99,262718.19,Education,698.0,3,108,13.25,2019-01-06,0,0,2019,1,6,0.4851056741635078,18.0,2.0,0.0,1,2.6567569067146595,3.640054944640259,289.3685881171808,-0.13202525921162758
947,54.0,1,West,0.0,Unemployed,608089.14,626413.98,Education,768.0,1,160,29.33,2022-10-31,0,0,2022,10,0,1.0301351213080372,26.666666666666668,2.0,1.0,2,3.41213732170049,5.415717865620402,301.48450726892423,1.6577062580763893
948,43.0,1,South,3.0,Self-Employed,593744.21,275140.56,Business,683.0,1,283,85.95,2026-04-05,1,0,2026,4,6,0.4633991462417798,47.166666666666664,2.0,0.0,1,4.465333240800292,9.270922284217466,298.947413343432,-0.056837101015336844
949,48.0,0,South,1.0,Self-Employed,928627.67,197058.36,Other,758.0,1,152,89.12,2022-10-23,1,0,2022,10,6,0.21220384268756495,25.333333333333332,4.0,1.0,3,4.501142115564043,9.440338976964757,350.19510654607626,-0.5594624611033339
950,24.0,1,South,2.0,Salaried,453716.04,43284.64,Education,715.0,1,282,75.75,2019-04-04,1,0,2019,4,3,0.09540028604675295,47.0,1.0,1.0,1,4.340553386467307,8.703447592764606,271.782574144288,-1.9705122650959201
951,45.0,0,North,1.0,Self-Employed,613948.08,236080.93,Business,629.0,2,126,10.99,2025-01-24,0,0,2025,1,4,0.38452914454916126,21.0,2.0,0.0,2,2.4840729690394228,3.315116890850155,302.50956097834745,-0.29886181197929823
952,24.0,1,North,0.0,Salaried,315395.65,399172.04,Other,727.0,1,169,15.67,2023-08-19,0,0,2023,8,5,1.2656231625261793,28.166666666666668,0.0,1.0,0,2.813610696762703,3.9585350825778973,238.90277850734017,0.6236917941075922
953,63.0,2,West,1.0,Unemployed,211679.19,399892.33,Home,669.0,2,154,41.66,2017-04-13,0,0,2017,4,3,1.8891433305276726,25.666666666666668,0.0,0.0,0,3.753261713043204,6.45445582524197,207.35523848002398,0.6273393254622748
954,52.0,1,West,0.0,Unemployed,402945.22,415475.52,Other,738.0,2,97,81.04,2024-10-18,1,0,2024,10,4,1.0310967828331603,16.166666666666668,1.0,1.0,0,4.40720693320418,9.00222194794152,260.58849396607593,0.7055407216996044
955,33.0,1,North,3.0,Unemployed,685731.59,486520.37,Car,617.0,2,128,93.11,2024-06-10,1,0,2024,6,0,0.7094909686164524,21.333333333333332,3.0,0.0,2,4.544464310870697,9.649352309870336,314.5825940573383,1.0464331987944027
956,35.0,2,North,3.0,Unemployed,437027.85,210905.06,Business,686.0,0,80,68.62,2017-11-26,0,0,2017,11,6,0.4825895191805282,13.333333333333334,1.0,0.0,0,4.243051882383293,8.283718971573094,268.19718797577696,-0.46453574553229526
957,39.0,0,North,3.0,Salaried,234874.78,478689.1,Business,734.0,2,225,48.95,2026-01-25,0,0,2026,1,6,2.0380608765232266,37.5,0.0,1.0,0,3.9110225050945626,6.996427659884722,215.16135094587486,1.0100100930637776
958,54.0,0,East,0.0,Self-Employed,170991.69,111297.01,Car,750.0,2,61,84.17,2026-02-08,1,0,2026,2,6,0.6508913386375677,10.166666666666666,0.0,1.0,0,4.44464925915299,9.174420962654809,192.19528474276976,-1.2321281610574322
959,33.0,0,West,1.0,Salaried,355174.94,324504.05,Education,785.0,3,265,81.92,2018-06-07,1,0,2018,6,3,0.9136456811958636,44.166666666666664,0.0,1.0,0,4.417876287567579,9.050966799187808,249.1852522939862,0.22785595214092638
960,48.0,2,West,2.0,Salaried,362812.83,268399.51,Home,593.0,2,45,53.98,2018-05-05,1,0,2018,5,5,0.7397740316956266,7.5,0.0,0.0,0,4.0069694827371,7.347108274688757,251.07273199783862,-0.09744395130900843
961,37.0,2,North,0.0,Unemployed,605770.16,393735.54,Home,695.0,0,187,58.92,2017-12-23,0,0,2017,12,5,0.6499751324825903,31.166666666666668,2.0,0.0,2,4.0930103392089645,7.675936424958196,301.07701762100976,0.5960652745649057
962,48.0,0,South,2.0,Self-Employed,927466.29,378096.96,Education,666.0,2,72,79.0,2024-08-17,1,0,2024,8,5,0.40766652554024363,12.0,4.0,0.0,3,4.382026634673881,8.888194417315589,350.0402119117814,0.5156218343644406
963,44.0,1,South,3.0,Unemployed,409566.99,384102.06,Other,635.0,3,184,19.09,2018-04-26,0,0,2018,4,3,0.9378247499877859,30.666666666666668,1.0,0.0,0,3.000222178826843,4.369210454990696,262.09858088769926,0.5466855796711053
964,55.0,0,East,3.0,Unemployed,800508.34,424201.56,Education,736.0,2,115,77.55,2020-05-31,1,0,2020,5,6,0.5299152286158568,19.166666666666668,4.0,1.0,3,4.36373536470163,8.806247782114696,332.2855998747647,0.7487539559126775
965,30.0,2,East,3.0,Salaried,405616.72,474241.32,Business,656.0,3,165,18.68,2025-09-05,0,0,2025,9,4,1.169185826461986,27.5,1.0,0.0,0,2.9796028916241073,4.3220365569948616,261.1996514090396,0.9892040096121169
966,26.0,2,West,1.0,Self-Employed,342398.57,318606.27,Other,831.0,2,169,42.15,2018-08-24,0,0,2018,8,4,0.930512852317111,28.166666666666668,0.0,1.0,0,3.764682417529437,6.492303135251773,245.9681281825156,0.1949212090506231
967,49.0,2,West,2.0,Self-Employed,440396.9,459162.99,Other,624.0,1,84,46.79,2025-01-12,0,0,2025,1,6,1.042611766794907,14.0,1.0,0.0,0,3.866816412590067,6.840321629865075,268.9280857580844,0.9180070859569553
968,28.0,0,West,1.0,Unemployed,703656.35,207345.69,Home,737.0,0,81,44.18,2022-06-06,0,0,2022,6,0,0.29466896731621905,13.5,3.0,1.0,2,3.810654511039857,6.646803743153547,317.467946627583,-0.4886621748551063
969,43.0,2,South,3.0,Unemployed,197324.15,349027.86,Car,571.0,7,87,73.42,2016-06-01,1,0,2016,6,2,1.7688045786590236,14.5,0.0,0.0,0,4.309724722918476,8.568547134724767,202.2420713748211,0.3620001365459528
970,62.0,1,South,3.0,Self-Employed,118382.67,129559.46,Other,745.0,4,79,55.38,2022-05-24,0,0,2022,5,1,1.0944123831638533,13.166666666666666,0.0,1.0,0,4.032114485685967,7.441773982055623,168.600338721319,-1.0733113886288363
971,40.0,2,North,1.0,Self-Employed,603501.24,384568.18,Home,632.0,2,255,63.92,2025-07-05,0,0,2025,7,5,0.6372284835736212,42.5,2.0,0.0,2,4.17315574264639,7.994998436522674,300.67734295522587,0.5490875890753635
972,45.0,1,South,3.0,Unemployed,988799.63,107280.58,Business,678.0,0,189,27.89,2019-03-09,0,0,2019,3,5,0.1084957727987823,31.5,4.0,0.0,3,3.363495514478144,5.281098370604358,358.05405870784597,-1.268595672527764
973,56.0,1,North,2.0,Salaried,340222.21,553132.21,Education,699.0,5,84,21.23,2024-09-05,1,0,2024,9,3,1.6257968872755248,14.0,0.0,0.0,0,3.101442727976105,4.607602413403309,245.41238216180176,1.3461802311224391
974,43.0,1,North,3.0,Self-Employed,593744.21,403230.8,Other,683.0,0,292,33.28,2020-01-30,0,0,2020,1,3,0.6791321805058108,48.666666666666664,2.0,0.0,1,3.534562093729579,5.768882040742383,298.947413343432,0.6442067540690227
975,43.0,2,East,0.0,Self-Employed,593744.21,472147.71,Business,683.0,3,276,79.21,2025-01-20,1,0,2025,1,0,0.795203897651482,46.0,2.0,0.0,1,4.384648195378833,8.9,298.947413343432,0.979379986759789
976,23.0,0,North,1.0,Unemployed,496830.12,365509.88,Other,712.0,0,159,55.71,2021-10-22,0,0,2021,10,4,0.7356838188473759,26.5,1.0,1.0,1,4.037950562025936,7.463913182774837,280.66545547290036,0.4497803490199196
977,39.0,0,South,0.0,Unemployed,80000.0,325480.06,Other,682.0,1,86,68.39,2019-10-26,0,0,2019,10,5,4.06850075,14.333333333333334,0.0,0.0,0,4.239742764911457,8.269824665614138,146.58605265628162,0.2332801627078294
978,55.0,2,South,1.0,Unemployed,867530.48,98603.03,Home,628.0,2,131,37.04,2025-07-18,0,0,2025,7,4,0.11365944168324783,21.833333333333332,4.0,0.0,3,3.6386382376771897,6.086049621881176,341.8692399708402,-1.3495488558328015
979,48.0,0,South,0.0,Salaried,818233.22,663928.92,Home,718.0,3,278,20.42,2020-07-12,0,0,2020,7,6,0.8114177031335883,46.333333333333336,4.0,1.0,3,3.064325065019603,4.518849411078001,334.86928438678825,1.8108146662603335
980,33.0,0,West,2.0,Unemployed,529768.34,231196.18,Business,711.0,2,255,38.45,2020-12-30,0,0,2020,12,2,0.4364099598703841,42.5,1.0,1.0,1,3.6750340472918834,6.2008063991709985,287.1197627108632,-0.33035983190929386
981,45.0,0,South,0.0,Unemployed,612218.3,485227.58,Home,648.0,1,56,26.95,2020-09-03,0,0,2020,9,3,0.7925728126715584,9.333333333333334,2.0,0.0,2,3.3304171996011083,5.191338940966964,302.2075897516088,1.0404387513000422
982,39.0,1,East,2.0,Self-Employed,464108.29,248635.71,Education,772.0,3,109,30.59,2017-03-29,0,0,2017,3,2,0.5357277931837847,18.166666666666668,1.0,1.0,1,3.4528406148139936,5.530822723609933,273.97221732859924,-0.21922582973954102
983,34.0,1,South,3.0,Self-Employed,807159.84,188059.05,Other,529.0,2,195,33.81,2024-01-08,1,0,2024,1,0,0.23298861102901253,32.5,4.0,0.0,3,3.5499047018233476,5.814636704042653,333.25947557463275,-0.6227757812347604
984,56.0,1,East,1.0,Self-Employed,418621.11,402735.58,Other,593.0,2,75,38.57,2017-10-09,1,0,2017,10,0,0.9620527259124606,12.5,1.0,0.0,0,3.678071255397333,6.210475022089695,264.1379195868413,0.6417086672739807
985,33.0,1,North,2.0,Self-Employed,266253.77,430418.64,Home,784.0,5,274,28.83,2024-11-14,1,0,2024,11,3,1.6165729409202356,45.666666666666664,0.0,1.0,0,3.395514598526657,5.36935750346352,224.96184695131328,0.7792984578559264
986,41.0,2,East,2.0,Unemployed,613457.7,567490.62,Business,850.0,6,55,77.25,2025-07-31,1,0,2025,7,3,0.9250688678290289,9.166666666666666,2.0,1.0,2,4.359908829420263,8.789197915623474,302.42401050859394,1.4086188661503194
987,43.0,0,West,1.0,Self-Employed,593744.21,481601.18,Business,683.0,2,126,32.84,2023-05-07,0,0,2023,5,6,0.8111256865982744,21.0,2.0,0.0,1,3.521643534738023,5.7306195127577615,298.947413343432,1.0235852492820898
988,47.0,2,West,0.0,Self-Employed,702988.25,498672.39,Home,603.0,2,27,65.13,2017-11-13,0,0,2017,11,0,0.7093609174833292,4.5,3.0,0.0,2,4.191622501686571,8.070315978944071,317.36126413603836,1.1024333270515565
989,34.0,0,North,3.0,Unemployed,762504.78,90153.74,Car,703.0,1,89,81.7,2018-08-24,1,0,2018,8,4,0.11823367192530912,14.833333333333334,3.0,1.0,3,4.415219602029645,9.038805230781334,326.6180347761124,-1.4315190632500738
990,52.0,2,South,2.0,Self-Employed,599829.65,258927.39,Education,735.0,3,248,27.96,2018-03-24,0,0,2018,3,5,0.43166820779866416,41.333333333333336,2.0,1.0,2,3.365915567517516,5.287721626560915,300.02851313751245,-0.15528688297220244
991,56.0,2,North,2.0,Salaried,683479.22,119138.94,Education,596.0,3,195,94.87,2023-02-07,1,0,2023,2,1,0.17431245385924096,32.5,3.0,0.0,2,4.562993107088905,9.740123202506219,314.21657987196676,-1.1625947169680175
992,21.0,1,West,2.0,Salaried,925091.46,246917.19,Other,741.0,2,123,84.5,2022-11-10,1,0,2022,11,3,0.2669111116861894,20.5,4.0,1.0,3,4.448516375942715,9.192388155425117,349.72308548620094,-0.23001775630810192
993,41.0,1,West,2.0,Self-Employed,861767.08,143677.76,Car,850.0,1,230,56.47,2024-07-15,0,0,2024,7,0,0.16672458641608823,38.333333333333336,4.0,1.0,3,4.05126307251965,7.514652353901676,341.06442556655657,-0.9573533832875541
994,62.0,2,East,1.0,Unemployed,700574.71,207054.54,Car,609.0,4,195,63.78,2018-06-09,0,0,2018,6,5,0.29554954959764396,32.5,3.0,0.0,2,4.170996913743183,7.986238163240563,316.97531962450796,-0.4906438953752388
995,59.0,0,South,1.0,Unemployed,572533.97,272386.97,Car,618.0,2,174,93.85,2021-03-19,1,0,2021,3,4,0.4757568708106525,29.0,2.0,0.0,1,4.552296696381023,9.687620966986684,295.1221006701963,-0.07336947570067032
996,57.0,0,South,1.0,Salaried,1016400.8,394526.94,Car,500.0,3,232,90.67,2018-11-27,1,0,2018,11,1,0.38816079247477964,38.666666666666664,4.0,0.0,3,4.518195171973685,9.522079604792221,361.5552352472503,0.6000975474989414
997,62.0,2,East,1.0,Salaried,475401.73,340477.51,Home,567.0,2,170,11.92,2022-07-25,1,0,2022,7,0,0.7161890428964153,28.333333333333332,1.0,0.0,1,2.558776498354456,3.4525353003264136,276.31593802941717,0.3157271406208116
998,50.0,1,West,0.0,Unemployed,819608.77,356541.63,Home,651.0,0,157,11.07,2023-10-30,0,0,2023,10,0,0.4350144154753249,26.166666666666668,4.0,0.0,3,2.4907230351094403,3.327160951922825,335.068267081887,0.40224355350499275
999,49.0,0,East,2.0,Self-Employed,650595.84,66457.34,Other,683.0,1,68,19.38,2021-01-15,0,0,2021,1,4,0.10214842443505326,11.333333333333334,3.0,0.0,2,3.0145540277945786,4.402272140611028,308.7814175011856,-1.682148705982228
1000,25.0,0,West,1.0,Unemployed,244280.77,341773.89,Education,742.0,1,153,53.98,2019-12-20,0,0,2019,12,4,1.39910272102057,25.5,0.0,1.0,0,4.0069694827371,7.347108274688757,218.18396872699674,0.32277630580458433
